shipment_mode,total_cost
Air,31456.55
Ocean,8993.25
Air,8622
Air,101134.53
Air,189139.68
Air,20089.008
Air,10591
Ocean,5635.5
Air,10523.34
Air,101370.15
Air,95304.15
Ocean,33424
Ocean,15487.4328
Ocean,37045.35
Ocean,20436.75
Air,20877.4
Air,8684
Ocean,15558.3
Ocean,25936.4
Air,8679
Air,94560.45
Ocean,17530
Air,8642
Air,15624
Air,35970.8
Air,100568.96
Ocean,30778.5
Air,5685
Air,10481.4475
Air,20022.685
Air,30611
Ocean,26376
Air,4417.035
Air,130646.88
Ocean,44263.25
Ocean,6502.5
Ocean,71121
Ocean,152480.4
Air,90258.32
Air,8032.52
Ocean,9560.375
Air,5667.522259
Air,25497.395
Ocean,26940
Air,43975
Air,2546.78
Ocean,10519.2
Air,5652.4
Ocean,30867.25
Air,19013.75
Air,28266
Air,55764
Ocean,34082.45
Air,5999.981525
Air,28347
Air,9796.275
Air,93437.28
Ocean,10520.95
Air,14519.565
Ocean,17886.25
Air,857.5
Ocean,104861.7
Air,20183.416
Air,5034.35
Ocean,11640.3584
Ocean,28517.5
Air,8979.1
Air,9010.05
Air,10598.56
Air,5071.265
Ocean,91485.9418
Ocean,20812.5
Ocean,25814.25
Air,130767.2
Ocean,75559.55
Air,29767.5
Ocean,109674.0018
Ocean,51337.5
Air,43280
Air,9352
Ocean,30465.0005
Air,51337.5
Air,33458.75
Ocean,44137
Ocean,67821
Ocean,100000.929
Air,9749.7
Ocean,23859.3555
Ocean,91505.76
Ocean,22487.5
Ocean,20604.43303
Air,10449.3
Ocean,67821
Air,10920.4
Air,93800
Ocean,67821
Air,9424
Air,21706.83
Air,46394.35
Ocean,6150.6
Ocean,9255
Ocean,9359
Ocean,19899
Air,25604.1
Air,76367.72
Air,12329.838
Air,75668.965
Air,10468.8
Air,36116
Air,35188
Ocean,26153.75
Ocean,19342.95
Ocean,23103
Air,25590.88
Ocean,22531.6
Ocean,3516.9
Air,9346
Ocean,94714.9
Air,50686.15
Air,122769
Air,30590
Air,29955.51962
Air,91103.36
Ocean,129064.2
Air,30969.45864
Air,15611.455
Ocean,20009.705
Ocean,43253.25
Air,31012.8
Air,100601.85
Air,2326.25
Air,73853.78
Air,50072.1
Air,101277.16
Ocean,5090.25
Ocean,20004.27
Air,18242
Air,24215.7
Air,43409.8
Air,13129.5
Air,5111.15
Ocean,10000.2698
Air,94860
Ocean,10477.23196
Air,2085.464141
Air,46798.35
Ocean,49661
Air,43202.25
Air,17439.35
Air,78543
Air,147904
Air,9356
Ocean,10069.96
Air,37077.75
Air,13269.77618
Air,6491.28
Air,63895.65
Air,17410
Air,70824.36
Air,20841.525
Air,176081.52
Air,10567.8
Ocean,36074.5
Ocean,17292.14
Ocean,40778.75
Ocean,34809.75
Air,26779
Air,10596.3
Air,102630
Air,1010.7878
Air,64001.35
Ocean,5026.28
Air,92876.3307
Ocean,1477.917952
Air,97294.82
Air,50164.866
Air,3321.15
Air,30656.356
Air,50987.85
Air,103875.52
Ocean,20066.2
Ocean,20858.985
Air,101009.92
Ocean,18404
Air,175077.52
Air,20111.974
Air,60449.28
Air,45808.55
Ocean,119694.9
Air,2990.05
Air,31670.53
Air,189600
Air,15771.6
Ocean,139275
Ocean,23004.448
Air,17966.475
Air,176780
Air,25638.96471
Air,109612.5
Ocean,18570
Air,75970.02
Air,27080.95
Ocean,50082.39
Air,35563.05
Ocean,23140
Air,30765.345
Air,81512.02
Ocean,18512
Air,81204.3945
Air,136549.02
Air,23126.04
Air,25712.2
Air,9818.55
Air,5507.45
Ocean,15145.96
Air,20525.2
Air,10227.8
Ocean,135269.4
Air,10623.8
Ocean,55539
Air,49653.35
Ocean,15606
Air,3028.5887
Air,12253.95
Ocean,95537.4
Ocean,15191.75
Ocean,30313.5
Ocean,6068.205
Ocean,19016.04
Air,12202.65
Ocean,26005.484
Ocean,123060.6
Air,10521.225
Ocean,100612.8
Air,2561.72
Air,22435
Ocean,8946
Ocean,122718
Ocean,82849.5
Air,32319
Ocean,12097.8
Air,67918.4
Air,32490
Air,32463.4
Air,15117.3
Ocean,41235.0795
Ocean,10860
Ocean,35299.8
Air,32954.65
Air,64155
Air,60682.5
Air,9027
Air,32478.6
Ocean,43253.25
Ocean,43355
Air,10050.0615
Ocean,25044.74
Air,69950.75
Air,176141.76
Air,3468.976
Ocean,93205.9
Ocean,181222
Ocean,54752.5
Air,36150.4
Ocean,93205.9
Ocean,20013.76
Ocean,54066
Air,5839.6
Air,100702.56
Air,52985.9
Air,25699.8
Ocean,15642
Ocean,3021.48
Air,55404
Air,26394
Air,52592.65
Air,3026.76
Air,93527.82
Air,22937.25
Air,50502.25
Ocean,50175.8
Air,13282.577
Air,182567.36
Air,151038.18
Air,30692.42737
Ocean,16416.7861
Ocean,50175.8
Air,98208
Ocean,50494.25
Ocean,35984
Air,60954.41041
Air,86180.85792
Ocean,124279.2
Air,63413.64
Air,45920
Air,124648.2
Air,17814.5
Air,55368.64766
Air,41170.5
Air,124633.44
Air,8848
Air,61083
Ocean,100861
Ocean,83850
Air,35230.95
Ocean,35668.5
Ocean,83850
Ocean,48524.96
Air,56979.75
Ocean,46300
Air,23072.4
Ocean,50469.86
Air,30834.6
Air,86617.44
Ocean,50435
Air,93356.8
Ocean,124279.2
Ocean,17222
Air,10471.794
Ocean,34724
Air,15561.2546
Air,15219.75
Ocean,46389.3
Air,15619.6
Ocean,6020.62
Ocean,13889.6
Air,88407.28
Air,2174.75
Ocean,181121.6
Air,17886.25
Air,43430
Air,81968.47
Ocean,90741.2
Ocean,16328.844
Air,101141.16
Air,75000.6
Ocean,43275
Air,37612.35
Air,100552.823
Air,25764
Air,30309.045
Air,101048.42
Ocean,23437.05
Air,33547.5
Air,10565.05
Air,5455.878
Ocean,70686.2
Air,10069.96
Ocean,14712
Air,41259.75
Ocean,16972
Ocean,64719
Ocean,14641.6
Air,20576.64
Air,91344.8
Ocean,9081.59
Air,5496.87
Ocean,8681
Air,71202.56
Air,102051.72
Air,35135.36
Air,8973.741
Air,30544.5
Air,15839.7
Air,4708
Air,193908.06
Air,37416
Ocean,135841.2
Air,15737.4
Ocean,21471
Ocean,40488.8
Air,8080.77
Air,82755
Ocean,5827.666
Air,12719
Ocean,15702.174
Ocean,40831.2
Air,82755
Air,31528.66
Ocean,40831.2
Ocean,30725.25
Air,82971
Air,15411.1776
Air,91475.58
Ocean,136768.7454
Ocean,26397.75
Air,60115.84
Ocean,51865
Ocean,22440
Air,21011.35
Air,17586.95
Ocean,15579
Air,10332.3
Air,46258
Ocean,13434.51
Air,74700.78
Air,51733.55
Air,30792.7
Ocean,15539.55
Air,47210
Ocean,46182.25
Air,45672.2
Ocean,59437
Ocean,50976
Air,47904.3
Ocean,100645.65
Air,137779.3411
Air,31605.55
Air,35192
Ocean,51909
Ocean,11000.075
Air,43849.15
Air,56119.8
Air,50782.5
Air,91515.82
Air,173651.84
Ocean,37527.3
Air,11031.6
Ocean,91050
Air,32880.1
Air,107517.36
Air,181360
Ocean,35032.5
Air,9726.15
Air,75992
Air,15599.2
Ocean,32046
Air,20171.25
Air,68692.59
Air,52454.6
Air,41368.5
Air,170600
Air,8669
Air,60700.5
Air,32186.25
Air,60886
Ocean,5960.5
Air,176947.92
Ocean,50000.496
Air,15977.5
Air,10737.1
Ocean,187647.6
Ocean,20240.56
Ocean,42925
Air,8965.95
Air,30806.56286
Ocean,189756
Ocean,91244.2
Air,30157.92
Air,31477.85
Air,20448.621
Ocean,95067
Air,15978.3
Air,12504.9
Ocean,46942.5
Ocean,43275
Air,114135.84
Air,70209.72
Ocean,10019.38
Air,24988.7031
Air,32411.5
Air,6012.8
Ocean,100561.545
Air,11178.7
Air,25101.9318
Air,50545
Air,20011.35
Air,10798.5
Air,10532.49
Air,2896.114
Ocean,45655
Air,4700.85
Ocean,46942.5
Air,17343.91365
Ocean,73881.5064
Air,60214.15
Air,20224.08
Air,16026.5
Air,20538.96
Air,106196.9751
Ocean,121689.3
Ocean,164880
Ocean,50853
Air,25044.2612
Air,50545
Ocean,91244.2
Ocean,25014
Ocean,101147.31
Air,50789.75
Air,15084.65
Air,50793.94799
Air,20079.6
Air,20207
Air,15819.35
Air,60517.83
Ocean,184334.4
Air,15773.1
Ocean,27547.41
Ocean,27500.1
Air,15837.85
Ocean,20051.24
Air,52580.55
Ocean,36729.88
Air,52118.8
Air,55688.1
Air,62891.8
Ocean,41337
Air,8418.9
Ocean,10104.6
Air,42935
Air,92431.28
Air,25524.18
Ocean,70605.6
Ocean,91800
Air,52641.75
Ocean,103632.2
Ocean,50456.25
Air,13746.95
Ocean,5544.5
Air,42577.31933
Ocean,20217.736
Air,26913.2
Ocean,173400
Air,150933.3
Air,43374.45
Ocean,26077.5
Ocean,81268.2
Air,120952.16
Ocean,41616
Ocean,26077.5
Ocean,50401.71
Ocean,50490
Ocean,81268.2
Air,105288
Ocean,145782.7392
Ocean,91700
Air,91505.76
Ocean,127482.9
Ocean,20738.75
Ocean,9523.5
Ocean,60012.85
Air,43995
Ocean,32063.5
Air,27730.6
Ocean,25040.1
Air,10047.3
Air,93210
Air,54156
Ocean,9324
Air,66793.44
Air,30567.7187
Air,10525.80026
Ocean,10054.78
Ocean,35344
Air,28218.6
Air,5123.52
Ocean,5481.6
Air,88407.28
Ocean,55690.25
Air,50344.11
Air,128355
Air,44394.55
Ocean,68177.4
Air,162484.96
Air,64965.75
Air,9727.2
Air,15000
Air,42805
Air,5112.6
Air,24991.9979
Air,37474.65
Ocean,100770.5
Air,15434.4
Ocean,16909
Air,55974.6
Air,37588.05
Air,1044.312197
Ocean,51832.9515
Ocean,45147
Air,6020.433051
Air,21465
Air,100935
Ocean,100557.865
Ocean,87900
Air,154059.7965
Air,60343.2
Air,107468.04
Ocean,16360.2
Air,128610
Air,25745.72479
Ocean,16449.6
Ocean,152618.9
Ocean,60462.3
Air,54571
Air,20460.986
Ocean,128988.9
Air,2559.3
Air,180338.48
Air,28468.3
Ocean,128132.4
Air,60524.25
Air,102352.24
Air,50652.25
Air,92269.44
Ocean,20801.25
Air,181106.1
Ocean,69360
Air,60338.6
Ocean,13587
Air,171240
Air,20330.4
Air,31244.5
Air,12044.305
Air,9315.6
Air,60770.9
Air,35380
Air,15682.45
Ocean,26077.5
Ocean,100553.1
Air,10082.88
Air,50013.70163
Ocean,100530.35
Ocean,21840.75
Ocean,25451.635
Ocean,92357.55
Air,5504.265
Ocean,170600
Air,5536.8
Air,16711.05
Ocean,27483
Air,46325
Air,12209.4
Air,15800.4
Air,50551.758
Ocean,25550.25
Air,64659
Air,60428.55
Ocean,17512
Ocean,11206.25
Air,30106.89
Ocean,73144.5
Air,20900.25
Air,91385.04
Ocean,40055.29
Air,5508.97
Ocean,55811.25
Air,30627.43
Ocean,5464.495
Ocean,180170.2096
Air,5438.416
Ocean,51516
Air,32794.9
Air,5465.681
Air,55428.84
Air,26781
Air,186382.56
Ocean,60697.1475
Air,27751.95
Air,60943.32
Air,36616.05
Ocean,17440
Ocean,18091.25
Ocean,100062
Air,37790.55
Ocean,26925
Ocean,10781.25
Ocean,135012.9
Air,45934.8
Air,28022.4
Air,20391.5558
Air,35692.2
Air,42874.5
Ocean,23084.875
Air,51476.25
Air,28454.66952
Air,20614.2
Ocean,10512
Air,43186.40727
Air,20051.0532
Air,23113.2
Ocean,9261
Air,111752.9847
Air,9707.25
Air,30059.91
Air,73410.62
Air,26061
Air,93044.94
Air,7091.76
Air,30466.6
Air,26040
Ocean,15688.75
Air,28182
Ocean,60034.65
Ocean,17958
Ocean,67220.55
Ocean,81567
Ocean,179300
Air,15053.587
Air,20512.8
Air,51548.75
Ocean,46535.75
Air,10370.425
Ocean,18409
Air,26760.7
Ocean,17120.78
Air,13630.4
Ocean,125536.895
Air,46631.7
Ocean,18498.8
Air,6223.68
Air,46682.2
Air,90889
Air,100510.5
Air,11236.25
Air,20187.1
Ocean,60638.75
Ocean,77094
Air,4456.5
Ocean,46687.25
Ocean,50468
Ocean,18512.2
Ocean,42577.85
Ocean,50468
Air,94168.5
Air,21715
Air,1280.55
Air,50842
Air,45913
Air,43339.1
Ocean,50646.6
Ocean,114470.9
Air,135332.6108
Ocean,20099.82
Ocean,91800
Air,8786
Air,61347
Air,44794.43512
Ocean,200004.66
Air,47175
Air,183109.52
Air,30244.23
Air,9231
Air,10700
Air,54365.3
Air,9429
Ocean,100563.6
Air,40772.5
Ocean,27343.25
Ocean,15082.65
Ocean,87950
Ocean,128400
Air,18462.265
Ocean,5051.75
Air,20420.6352
Air,93497.64
Ocean,189655.6
Air,10457.72
Air,79382.16
Air,51548.75
Air,15600.48
Air,5504.4
Air,20689.765
Ocean,13447.5
Air,20530.56
Air,11220.765
Air,10136.5
Ocean,10515.4
Air,89834.87
Air,9739.35
Air,49670.5
Air,28692.75
Air,51409.65
Air,15143.7
Air,11162.7
Air,10065.44
Ocean,34769.25
Air,128655.698
Air,45379.3
Air,20299.4
Ocean,18839.5
Ocean,8443.2
Ocean,32587.5
Ocean,3434
Ocean,52029
Air,89280
Ocean,110940
Ocean,51010.05
Air,52897.6
Air,9399.6
Ocean,20067.8775
Air,855.5
Air,18362.6495
Air,51004.5
Air,52098
Ocean,10568.5
Air,18932
Ocean,15000.81
Air,60908.45
Ocean,2481.3
Air,19470.9
Ocean,51394.3775
Ocean,13494
Ocean,30849.5
Ocean,17128.56
Ocean,29963.5
Air,29760
Ocean,23434.5
Air,17408.645
Air,50644.5
Air,32533.48
Air,7066.371145
Air,37806.75
Ocean,55795.278
Ocean,20879.75
Air,46435.7095
Air,9779.7
Ocean,10862.4
Air,19019.11
Ocean,50502.4704
Ocean,51309.75
Air,7513.56
Ocean,18992.5632
Air,3477.375
Air,80775.96
Ocean,5007.123
Ocean,90737.25
Ocean,20449.944
Air,50957.5
Air,4637.5
Air,90888.9
Air,15526.44
Ocean,45432.527
Air,51343.224
Air,46752.9
Ocean,45980
Ocean,90647.5
Air,20911.6
Air,101142.201
Ocean,75575.88
Air,7039.53
Ocean,5493.15
Air,90942.4
Ocean,160754.3424
Air,10093.4
Air,30934.2
Ocean,80421.25
Air,20205
Air,25459.397
Air,10862.5
Air,166194.24
Air,18698
Ocean,10914
Ocean,44680
Air,10750.8
Ocean,97627.2
Air,25978.4
Air,798.32
Air,90730.20095
Air,27312.75
Ocean,19322.1
Ocean,28907.142
Air,134547.708
Air,65485
Air,40481.664
Ocean,4837.25
Air,25930.5
Air,53958
Air,27981.39
Air,27572
Air,54280.6
Ocean,175711.8
Air,100819.2
Ocean,2310.6025
Ocean,20546.1
Air,9394
Air,93256.2
Ocean,54238.25
Air,17468.1549
Ocean,13895.75
Air,17098.4585
Air,92146.75
Air,10321.3
Air,10734
Ocean,123130
Ocean,175790.6382
Air,50902.5
Air,19247.45
Ocean,27343.25
Air,19034.03676
Air,50737
Air,50934.75
Ocean,7513.8
Air,27690
Air,25689.855
Ocean,20605.42
Ocean,22340
Air,8795
Ocean,26672.25
Ocean,30088.08
Ocean,10518
Air,30849.9
Air,19048.6
Ocean,46732.2455
Air,19023.18
Air,50382
Air,20474.4
Ocean,8971
Ocean,29963.5
Air,89920
Air,141401.81
Ocean,10478.72
Air,35814.65
Air,35159.607
Ocean,20778.75
Air,9682.425
Air,46630
Air,26741.75
Air,41113.8
Air,15723.72863
Ocean,5467.12
Air,9545.55
Air,41136.55
Ocean,136350
Ocean,83602.2
Air,51432
Ocean,10734
Air,20629.73
Ocean,120380
Air,60580
Air,71109.42
Air,105961
Air,15109.92
Ocean,100541.8
Air,10557.59
Ocean,9191
Air,8559.825
Ocean,10727.2
Air,60500.97
Air,133642.44
Ocean,16161.25
Ocean,21045.17
Air,26521.425
Air,30718.38
Ocean,67260.2
Ocean,75344.6
Air,42885
Ocean,20485.8
Air,3551.1
Air,20581
Air,2661.91
Air,25699.8
Ocean,44925
Air,18512.09615
Ocean,10749.05
Air,20347.125
Ocean,8037.9
Ocean,10771.2
Air,152094.54
Air,61821.45
Air,140794
Air,47222.55
Air,5053.86
Air,34443.19
Ocean,110066.25
Air,123798.3
Air,10447
Air,8585
Ocean,27423.526
Ocean,27705
Air,126872.91
Air,20558.09583
Ocean,99443.9992
Air,51387.45
Ocean,28572.4
Air,13677.28
Ocean,92981
Ocean,30859.6414
Air,125874.36
Air,27723
Air,14359.925
Air,8969
Air,101650.752
Ocean,15761.394
Air,13939.695
Ocean,120131
Air,89282.5
Ocean,28007.55
Air,51398.05
Ocean,10018.19
Air,56646.15
Air,9474.15
Air,6801.75
Air,35186.4
Air,86395.28
Air,35089.2
Air,10330.645
Ocean,30450.4
Air,61439
Air,12132.4
Air,9445.7
Air,9504.84
Air,50655.32
Air,56749
Ocean,32670
Air,101080.64
Ocean,10870
Air,30198
Air,93910.1
Air,18710
Air,50003.4407
Ocean,19987
Air,50904.64
Air,9355
Air,13155
Air,34784
Ocean,45828.75
Air,110616
Ocean,70630.25
Ocean,21725
Ocean,35483.25
Air,110952
Ocean,44730
Ocean,22400.6535
Air,132482.82
Air,17290
Ocean,3033.03
Air,13871.385
Air,60162.86
Ocean,26551.5
Air,55974.6
Ocean,50487.3
Air,9601.2
Ocean,18877
Air,17814.5
Ocean,128453.5
Air,26588.7
Ocean,90750
Ocean,75704.41
Air,187600
Air,95238.02
Ocean,102972.7
Ocean,43760
Air,43884.5
Air,26638.3
Air,45339.14
Air,46823.6
Air,175874
Air,100969
Air,135690.6
Air,88497.82
Ocean,20318.1
Air,34224
Air,33210.25
Air,16706.7
Air,10054.88
Air,3114.158987
Air,90650
Air,2308
Air,10598.27
Air,20440.675
Air,101375.96
Air,100572.57
Ocean,86550
Air,58730
Ocean,3126.225
Air,45430
Air,116380.96
Air,65741.25
Air,23391.25
Air,30806.6
Ocean,13126.8
Air,40526.26
Ocean,3126.225
Air,20547.705
Ocean,10525.5587
Air,31339.25
Ocean,25348.146
Air,10470.04
Air,15708.4
Air,174896.8
Air,92516.16
Ocean,81222.9
Air,18488.5
Air,133838.22
Air,100227.5
Air,15704.94
Air,18716.4308
Air,50166.95
Ocean,30313.8
Ocean,128564.8
Ocean,131925
Ocean,4278.375
Ocean,92796.2271
Air,18592
Air,35492
Ocean,102190
Ocean,37932.3
Ocean,27657
Ocean,23034
Air,27131.2
Air,17498
Ocean,32908.5
Air,18570
Air,10746.75
Air,81694.08
Air,52532.15
Air,87840
Ocean,44972.85
Air,139922.46
Ocean,14385.55
Air,30541.8
Air,25927.55
Air,5035.8
Ocean,20597.75
Ocean,118781.124
Ocean,167601.6
Air,30080.16
Air,6153
Ocean,20439.98
Ocean,100621.5
Air,11569.48
Air,45611.6
Air,15771.25
Ocean,90468.7
Ocean,30591
Air,10314.0942
Air,10144.46
Air,128386.0389
Ocean,91193.9
Air,9729.3
Air,74180.48
Air,51769.35149
Air,20464.71
Air,8042.087888
Air,47370
Ocean,62416.9
Air,36850.95
Air,9996.96
Air,12048.4
Ocean,91193.9
Ocean,50770.5
Air,9991.54
Ocean,25695
Ocean,5494.4
Air,12008.9979
Ocean,152366.5632
Air,40343.7
Ocean,167545.15
Air,18534.05
Air,5454.76
Ocean,92875.2
Ocean,65220
Air,47060
Air,16568
Air,14584.144
Air,5005.8
Ocean,90187.9
Ocean,25476.5
Ocean,25533.75
Air,75625.75
Air,11608.75
Air,87920
Air,60977.20925
Ocean,5086.144
Ocean,185700
Air,14514.2
Ocean,93314.95
Air,18469.13153
Air,20697.7
Air,135780.96
Air,27514.05
Air,8071.744
Air,129049.14
Ocean,92900
Ocean,50765.25
Ocean,54089.25
Ocean,32497.5
Ocean,40000.1819
Air,9398.8794
Ocean,9057
Air,103935.96
Ocean,12999
Ocean,9281
Air,5011.74
Air,71150.15929
Ocean,22899
Ocean,58047
Ocean,20470.35
Air,17537.75
Ocean,183230
Ocean,40013.53
Ocean,9281
Air,66568.51173
Air,25615.8
Air,45483.3
Air,11211.975
Air,17780
Air,27843
Ocean,82321.2
Ocean,130525.6224
Ocean,20418.2
Air,22054.9
Air,30774.95
Air,28578.5
Air,10578.2
Ocean,27115.89608
Ocean,75832.2
Ocean,17537.75
Air,30377.75
Ocean,10459.25
Air,11615.08
Air,31412.95
Air,41045.55
Ocean,20925
Air,9281
Air,51953.55
Air,13782
Air,11058.75
Ocean,92900
Air,6802.425
Air,23754.99
Air,15474.6
Ocean,25442.475
Ocean,183230
Air,148786.2039
Air,188209.84
Air,9594.45
Air,63925.85
Ocean,35124
Air,110638.44
Ocean,20823.75
Ocean,52419.75
Ocean,10282.15
Air,26827.8
Air,117153
Air,44023.88863
Ocean,110047.5
Air,9780.75
Air,20250.02
Ocean,50144.4
Ocean,26123.25
Ocean,20515
Air,42146.65
Air,73669.5
Ocean,181800
Air,10092.31
Air,19118.3
Air,42110.25
Air,20196.3
Air,46116.95953
Ocean,26222
Air,23888.4
Air,10358.35
Ocean,101088.4
Air,6468.34
Ocean,27798
Air,80544.3
Air,30222.5
Ocean,31262.25
Air,20039.345
Air,10325.835
Air,81175.92
Air,71247.43934
Ocean,92900
Air,85710
Air,110828.52
Ocean,92900
Air,16396.85
Air,4006.1112
Air,56332.524
Air,168596
Ocean,21760.8952
Air,31603
Air,14000.50127
Ocean,15157.1875
Ocean,104524.5024
Air,47141.75
Air,47161.95
Air,10544.15
Air,88246.32
Air,56370.9
Air,10544.15
Air,5507.46
Air,15509.38
Ocean,18512
Air,20457.8529
Air,179680
Air,18558.65
Air,15737.4
Air,86344.98
Ocean,43768.552
Ocean,15087.28
Air,25428.65
Air,35900
Air,26400
Air,56548.8
Air,190438.72
Ocean,15688.75
Air,77254
Ocean,101023.6689
Ocean,55576.8
Air,87340.92
Air,93930
Air,30779.1
Air,5418.855
Ocean,100589.25
Air,35502.909
Ocean,70599.4
Air,15678.25
Ocean,174265.284
Air,74376
Ocean,47697.25
Ocean,93563.25
Air,36324.45
Ocean,60604
Ocean,69839.9
Air,45441
Air,76622.4
Air,25619.215
Ocean,28523.9
Air,199978.56
Ocean,43950
Air,43773.4
Air,21442.9
Air,25602.69995
Air,18940
Ocean,83700
Air,12688.65
Air,25602.69995
Air,9895.6
Air,43854.2
Air,47389.2
Air,100685.25
Air,99429.4
Air,7006.5
Ocean,51219.1
Air,18726.07
Air,18564
Ocean,9256
Air,18773.98097
Air,142663.38
Air,61117.5
Air,45800
Ocean,23595.85
Air,25552.8
Ocean,18170
Ocean,20627.1955
Air,111447.14
Air,23565.36
Ocean,46996.7
Air,41223
Air,42975
Ocean,15430.25
Air,21144.12614
Air,12853.4
Air,28064.645
Ocean,15011.37
Ocean,58100
Air,10010.1
Ocean,15872.5
Air,10844.4
Air,128988.9
Air,25602
Ocean,56851.85
Air,22270.95
Ocean,93910.1
Air,31123.27904
Air,100664.64
Air,94101.24
Air,25541.605
Ocean,100590.4938
Air,70605.6
Air,68939.05
Ocean,4663.57
Air,50629.90614
Air,92882.1
Air,47232.65
Air,68962.5
Ocean,37822.6665
Air,25417.63
Air,18080.13964
Air,19242.3
Air,24846.4
Air,38236.4936
Ocean,91294.5
Air,11033.75
Air,13017
Air,18806.7
Ocean,70554.75
Air,23023.525
Air,4578.08
Air,79378.2
Ocean,70603.5
Air,11438.75
Air,23162.5
Air,92851.95
Air,52217.65039
Air,129395.52
Air,25712.4
Air,20734.095
Ocean,18409
Ocean,872.484
Air,13080.45
Ocean,35511
Air,28167.835
Ocean,20002.515
Ocean,21349.75
Air,13133.15
Air,177065.44
Air,50762.03
Ocean,7430.07
Air,28145.95265
Air,129088.96
Ocean,86163.9
Air,94010.7
Ocean,20000.6778
Ocean,50708.75
Air,79592.1
Ocean,31510.8
Ocean,25000.05867
Air,30573.97
Air,53640
Air,11087.36
Air,181658.2
Air,50739.573
Air,14252.475
Air,111278.79
Air,132031.02
Air,101134.54
Air,14252.475
Air,20673
Air,10575.4
Air,15021.34
Air,10442.25
Ocean,9643.2
Ocean,61301.45
Air,20776.56
Ocean,10003.686
Air,135461.7128
Air,113675
Ocean,87823.8
Air,26498.4
Ocean,128988.9
Air,112887
Air,74280
Air,20679.75
Ocean,54268.5
Ocean,182426.8
Air,53100.85
Ocean,56133.5
Air,111724.14
Ocean,15529.5
Air,55710
Ocean,9086
Ocean,10424.4
Air,8954.4
Air,55740
Ocean,41210.4
Ocean,24691.5
Ocean,4335.5
Ocean,15529.5
Air,92360.86
Air,5133.7
Air,9319
Air,129169.62
Air,92511.76
Air,20185.2
Air,60651.5
Ocean,27405
Air,2340.75
Air,10073.1862
Air,100740.4055
Air,187040
Air,10000.2698
Air,100740.4055
Air,10058.36
Air,45935
Air,30381
Air,51530.8065
Air,129064.2
Air,20603.25
Air,25418.885
Air,30212.385
Air,10764
Ocean,130528.38
Ocean,14510.0305
Air,20650.5
Air,50575.616
Air,30445.8
Air,20536.62
Air,60472.8
Air,10468.43
Ocean,10764
Air,20571.9
Air,93450
Ocean,25710
Air,49874.2
Ocean,35124
Ocean,33474.36
Air,126187.5
Air,25844.8
Ocean,30498
Air,3077.58
Air,28140
Air,91950
Air,10599.4
Air,14083.625
Air,30599.6
Ocean,90662.45
Air,922.6
Air,11584.3
Air,6409.29
Air,24954.93
Air,17582.22
Air,10323.5
Air,55506
Air,17084
Ocean,10220.1
Air,93970
Air,101381.28
Air,21533.422
Ocean,10220.1
Air,131976.6
Air,25708.335
Ocean,60519.25
Air,10706.44215
Air,94269
Air,18398.75
Air,62587
Ocean,53179.5
Air,100337.4
Air,151041.93
Air,54744
Air,91183.84
Air,44263.25
Air,69753.25
Air,35120.379
Ocean,150760.25
Air,40803
Air,18127.22765
Ocean,16523.2
Air,1999.107
Air,15056.118
Ocean,84108.35
Air,19088.3
Air,93024.82
Ocean,17440
Ocean,10055.96
Air,15773.1
Ocean,138401.4
Air,187788.16
Air,30133.11
Air,56476.75
Air,25108.92
Air,30564.69
Air,101158.4
Air,13495.5
Air,22496.25
Air,46444.85
Air,30485
Ocean,54870
Ocean,18202.08
Air,30362.5
Air,11735
Air,40521.6
Ocean,10860
Air,87996.72493
Air,10512.32
Air,18701.65
Air,11683.75
Ocean,20209.2
Ocean,10740
Air,25699.03
Air,35448
Ocean,51004.5
Air,10608.44
Air,12967.755
Air,30510.8
Air,23046.9
Air,15048.735
Ocean,59845.28
Air,20541.831
Air,90810
Air,113478.34
Ocean,192947
Ocean,50001.3248
Air,27811.08
Ocean,18552.5
Air,63189
Air,31051.85
Ocean,51809.25
Air,157677.8
Ocean,50545
Ocean,40836.25
Air,10957.5
Air,187727.92
Ocean,36753.75
Ocean,50227.5
Ocean,18398.75
Air,22450.812
Air,11531.52
Ocean,25151.5
Air,30878.1
Air,91907.25
Air,15096.8
Air,91374.98
Ocean,90288.5
Ocean,20081.92
Ocean,10735.25
Air,50279.4
Air,46207.5
Ocean,90288.5
Ocean,25945.25
Air,169374.8
Ocean,86650
Air,91900
Air,50508
Ocean,150735.75
Ocean,13639.5
Air,116694.5
Air,81360.09
Ocean,20121.2
Air,10674.96
Air,35641.68
Ocean,150735.75
Ocean,17086.339
Air,18578.25
Ocean,103510.98
Ocean,74265.0192
Air,6028.1
Ocean,150735.75
Ocean,15948.575
Ocean,6442.275
Ocean,10437.01146
Ocean,132889.44
Ocean,14244.5
Air,10460.93
Air,15434.3
Ocean,177122.7
Ocean,40000.5423
Air,18498.15
Air,32177.2
Ocean,9189.6
Ocean,88650
Air,13953.15
Ocean,12552.8
Ocean,20586.45225
Air,30804
Air,93800
Air,39321
Air,10771.65
Air,60456.5
Air,95546.88
Air,90580.24
Air,9231
Ocean,55534.5
Air,20452.544
Ocean,43405
Ocean,76560.9
Air,12480.3
Ocean,13936.5
Air,25901.19147
Air,23049.45
Air,26382
Ocean,29299.2
Air,9408.15
Air,91053.06
Air,13111.5
Air,13553.2
Air,137460
Air,20886.8
Air,36725.4
Air,22465
Air,176503.2
Air,25746
Air,55704
Air,55710
Air,21225.15
Ocean,13399.095
Air,10339.65
Ocean,88477.7
Air,100733.4
Ocean,109076.25
Air,135928.15
Air,93314.25
Air,27565.9
Ocean,70720
Air,26824.75
Air,3507.2
Air,20334.5241
Ocean,5029.6064
Ocean,79682.7
Air,20052.55
Air,187868.48
Air,45930
Air,50516.55
Ocean,88477.7
Ocean,2614.996358
Air,40402.38
Ocean,42497.95
Air,184936.8
Air,8721
Air,76941
Air,10142.985
Air,32940
Air,151869.8
Ocean,25635
Air,132061.14
Ocean,200043
Air,131106.5073
Air,93770.33181
Air,7319.8755
Air,65279.1078
Air,49932.18676
Ocean,30991.5
Ocean,70363.8
Air,70614.98983
Air,20040.39937
Ocean,81214.5
Air,100453.5423
Ocean,81214.5
Air,180642
Air,181290.5427
Air,36269.10353
Ocean,17496.75
Air,17438.79598
Air,25622
Ocean,44086.5
Air,55779.1366
Ocean,18542.25
Ocean,135450
Ocean,136443.6
Air,135755.9001
Ocean,50462
Ocean,131476.8
Air,131259.3632
Air,199140.9
Ocean,74368
Air,70686
Ocean,11070
Ocean,50069.6
Air,17572
Air,138078.42
Ocean,35250.6
Ocean,9291
Air,37093.95
Air,15574.23
Air,55714.45
Air,5011.82
Air,31976
Air,38959.2
Air,10023.64
Air,7300
Air,30316.6383
Ocean,31710
Ocean,100564.8
Air,17570.55
Air,93570
Air,49858.58
Air,30544.8
Ocean,2063.33
Air,117928.71
Ocean,22100
Air,55427.99393
Air,1330.955
Ocean,70975.8
Air,9069
Ocean,5035.8
Air,10312.38
Air,25587.63
Ocean,12477.6
Ocean,2563.68
Air,93760
Air,46465
Air,50480.4
Ocean,70975.8
Air,3012.655
Air,10519.2
Ocean,124658.4885
Air,5456.098736
Ocean,100600.65
Ocean,102638.69
Air,27745.97
Air,71258.76
Air,26647.85
Air,86385.22
Ocean,60047.66
Air,18610.075
Air,8140.55
Air,27453
Air,10379.575
Ocean,8431.893
Air,91546
Air,22419.6
Air,18658.915
Air,71195.88
Air,17868
Ocean,135690.6
Air,43925
Air,30134.72
Ocean,61090.802
Air,25050.48
Air,2820.318
Air,5560.75
Ocean,30134.72
Air,104184
Air,45905
Air,15363.3
Air,7424.8
Air,30152.32
Air,8361.437944
Air,10346.55
Ocean,30134.72
Ocean,26626.5
Air,22628.895
Air,10488.535
Air,41309.35
Air,9471
Ocean,10794
Air,131185.6
Air,30127.68
Air,18312
Air,11097.965
Air,5091.81
Air,35972
Air,34704
Ocean,18972.75
Ocean,27030
Ocean,20136.5
Air,5469.703905
Air,42531.72237
Air,48688.5
Ocean,5526.6
Air,34264
Air,47060.95
Air,50736
Air,5019.76215
Air,17550.05
Ocean,83491.2
Air,93200
Air,45805
Air,32926.25
Air,63626.5
Air,132256.92
Air,15724.8
Ocean,50069.6
Air,91102
Air,25538.15
Air,25768.25
Air,183687.28
Air,32883.65
Air,61364.25
Air,69104
Air,34268
Air,136428.54
Air,43783.5
Air,60897.9
Air,40695.6
Air,91475.58
Air,2036.64
Air,43354.25
Air,18193.75
Air,46444.85
Air,138628.93
Ocean,45424.75
Air,15660
Ocean,77780.1
Air,10808.85
Air,101637.05
Ocean,136067.1
Ocean,131762.75
Ocean,9531.5
Ocean,77780.1
Ocean,90750
Air,92096.8935
Air,39409.5
Air,20508.6
Air,17794.70083
Air,5425.55
Air,9496.30095
Air,139970.16
Ocean,41355.3
Ocean,21662.5
Ocean,15051.68
Ocean,77780.1
Ocean,18099.54
Air,45875
Ocean,70533.1
Air,34042.68
Ocean,57902
Air,50498.75
Ocean,59852.562
Air,105086.25
Air,37341
Ocean,70533.1
Ocean,96217.5277
Air,5120.5
Air,39891.1
Air,10797.5
Ocean,77780.1
Air,176181.92
Ocean,55771.7055
Air,1241.865
Air,27780
Air,171603.68
Ocean,84881.8152
Air,93180
Air,5835.65
Air,20920.8
Ocean,13156.5
Air,25545.71
Air,93340
Air,20586.21
Air,16530.73
Ocean,25455.85
Air,91535.94
Ocean,77780.1
Air,11312.5
Ocean,77780.1
Ocean,136669.5
Air,10440
Air,25818.15
Ocean,70700.7
Air,8482
Ocean,10527
Ocean,70700.7
Ocean,15714
Air,5014.44
Ocean,21993.93
Air,70583.16
Air,15595.58
Air,103200.86
Air,35526.6
Air,31044.75
Ocean,85750
Ocean,8466
Ocean,105723.75
Air,40015.68
Air,70686
Air,78780.075
Air,23319.465
Air,35537.99
Ocean,41177.5
Ocean,50485
Ocean,35483.25
Air,36544
Ocean,9528.75
Air,49501.8
Air,23095.35
Air,30763.05
Air,13320.18
Ocean,21232.25
Ocean,28478.4032
Ocean,91860
Air,20324.52
Air,50979.95
Ocean,26058.63
Air,34356
Ocean,92800
Air,10082.6
Ocean,54298.75
Ocean,24880.5
Air,40611.179
Air,92069.12
Ocean,9271
Air,18340
Ocean,130293.15
Air,26523
Air,36564.60786
Ocean,7470.1406
Air,100901.748
Ocean,13150.5
Air,10404.05
Air,10118.9
Air,12508.61
Ocean,16164
Ocean,130293.15
Air,13911
Air,10078.2
Air,20061.44
Air,13038.4
Ocean,17023.5
Air,130500
Air,44137
Ocean,50041.6
Air,34604
Air,5508.09
Ocean,15001.264
Ocean,9271
Air,45990
Air,26050.7
Air,101044.125
Air,9152
Air,36372
Ocean,17824.75
Air,15062.85
Air,45545.95
Ocean,88226.2
Ocean,10868.75
Air,88256.38
Air,2508.47
Ocean,20000.39143
Ocean,25015.68
Air,20405.25
Ocean,2791.55
Ocean,23000.49496
Air,45660.44
Ocean,43455
Air,182768.16
Air,9490.95
Air,88185.96
Air,1825.6
Ocean,87713.2406
Air,46620
Air,3356.175
Ocean,29631
Ocean,40338.7965
Air,53379.15
Air,32645.8
Ocean,50387.4
Ocean,30627.3
Air,10420.8
Ocean,127166.2686
Air,6580.5
Air,26940.65
Ocean,182025.2
Ocean,18078.45
Air,94342.68
Air,39976.3
Air,81905.92
Ocean,45506.055
Air,15368
Air,40873.25
Ocean,25986.9
Ocean,5678.4
Ocean,29582.08105
Air,42399.8
Ocean,54835.506
Air,141540.85
Air,100191.976
Air,3926.7
Air,41625
Air,4913.975
Air,119407.2
Air,87823.8
Ocean,8065.77
Air,87544.44
Air,93950.34
Air,60946.92
Air,15454.9
Air,26101.9
Air,36842.85
Ocean,24919.461
Air,9486.81
Ocean,38872
Air,51732.75
Air,34010.76
Ocean,29683.5
Air,10044.5001
Air,87481.83
Air,32389
Ocean,13245.5
Air,184222.53
Ocean,114750.7758
Air,25979.9
Air,109348.02
Air,90007.98921
Air,30115.8
Ocean,60054.81
Ocean,1275
Air,90189.975
Air,32482.5
Air,10356.67846
Air,50000.1921
Air,18315
Air,5538
Ocean,1935
Ocean,52656
Ocean,18577.9815
Air,186121.52
Ocean,30492.75
Ocean,102543
Ocean,25188.8
Air,5712.85
Air,424.55
Air,31069.5
Ocean,20037.72
Air,90007.34
Air,100710.21
Air,45365
Ocean,28961.823
Air,28375.75
Ocean,115277.9616
Ocean,101545.32
Ocean,507.36
Air,52758
Air,23174.4
Air,9485.775
Air,100775.67
Air,20713.8
Ocean,23052
Air,50704.5
Air,188511.04
Air,51098.6
Air,5027.68
Air,36524.74301
Air,140913.15
Air,50769.6
Ocean,59713.5
Air,23550.15
Air,103366.76
Ocean,10455.24
Ocean,50452.24
Ocean,8096.4
Ocean,10833.25
Air,30294
Air,5899.15
Ocean,75532.5
Ocean,30136.6
Air,10015.5
Air,50532.16
Ocean,18409
Air,39767
Air,199889.6448
Air,28013.20777
Air,160651.97
Ocean,187246
Ocean,131624.4
Air,131275.9251
Air,30657
Air,175499.2
Air,176470.0157
Air,56246.20358
Ocean,10987.5
Ocean,186944.8
Air,187812.031
Air,187499.0547
Air,131655.4341
Ocean,105824.07
Air,106183.9437
Ocean,101695
Air,101326.2501
Ocean,83950.7
Air,84241.44302
Air,116269.9183
Air,65142
Ocean,74600
Air,74558.73396
Ocean,35463.7
Air,90002.868
Ocean,150915.6
Air,151333.6641
Ocean,91244.2
Ocean,93100
Ocean,186141.6
Air,186376.9383
Air,75266.1006
Ocean,91244.2
Ocean,93100
Air,93873.63577
Ocean,93100
Ocean,50310
Air,50644.17064
Ocean,93006.9
Ocean,141219
Air,187654.5
Air,187581.1775
Air,125007.6027
Air,37839.41073
Ocean,72862.4
Air,72793.33218
Air,20191.32792
Ocean,60522
Air,40233.34002
Air,61676
Air,61230.54944
Air,50960.29021
Ocean,27663.5
Air,27588.86864
Ocean,125540.16
Air,125935.4645
Air,199403.98
Air,27718.71
Air,18780
Ocean,10017.65
Ocean,22186.575
Air,90375.84252
Air,16118.15
Ocean,40504.4
Air,11292.055
Air,49827.70906
Ocean,20530.9
Air,46950
Air,10417.85
Air,9744
Ocean,139606.2
Air,49849.254
Air,2176.25
Air,90910
Air,83139.06
Ocean,89700
Ocean,17492
Air,90820
Ocean,32392.5
Ocean,35453.04
Air,15844.5
Air,75589.5
Ocean,15492.6
Air,35084.43
Air,125547.5394
Ocean,100600.65
Ocean,12031.5
Air,4681.35
Ocean,1569.6
Air,51836.4
Air,52631.1
Air,32901.4
Air,9718.65
Ocean,10000.8532
Ocean,20448.48
Air,60427.8
Air,31151.25
Ocean,37482.75
Air,10375.95
Ocean,69920.5
Air,5422.95
Ocean,15747
Air,128415
Air,18132
Air,79530.96
Air,10508.965
Air,189581.22
Air,16344
Ocean,30416.4
Ocean,30838
Ocean,83850.3
Air,85350.55
Ocean,91043
Ocean,69920.5
Ocean,134326.7
Air,28355.85
Ocean,40482
Ocean,15501.15
Ocean,5557.0515
Ocean,3035.3004
Ocean,91043
Air,15293.25
Air,43561.3
Air,102980.34
Air,46390
Ocean,91043
Ocean,150743.4
Air,140119.35
Ocean,40700
Ocean,118296.9576
Air,10498.8
Ocean,18593.5
Ocean,28173.59185
Ocean,136412.8776
Ocean,12475.25
Ocean,150725.26
Air,93412.9
Air,15555
Air,136639.38
Air,90700
Ocean,118296.9576
Ocean,615.51
Air,100765.43
Ocean,22715
Air,34632.9
Air,10467.6
Air,15212.75
Air,25491
Air,43228
Air,93304.2
Air,104688.99
Air,101706
Ocean,30220.35
Ocean,10833.624
Air,25479
Ocean,50792
Air,31496.7
Ocean,17862
Ocean,27078
Air,142467.6
Air,25353.45
Air,23003.445
Air,101101
Air,20486.939
Ocean,33451.8
Air,30688
Ocean,60888
Air,30508.17
Air,85193.26
Air,37442.25
Air,40831.65
Air,40017.25
Air,10415.54325
Air,46200
Air,100358.44
Ocean,90172.6016
Air,5563.2
Ocean,22006.74
Ocean,8461
Air,174414.88
Air,27078
Air,37944
Air,142788.25
Air,35708.75
Air,50432.85
Air,5074.38
Air,40889.2
Ocean,30511.8
Ocean,173327.5
Air,20474.65
Air,28083
Ocean,174194
Air,10125.92
Air,28712.2
Air,94775.26
Air,160039.6
Air,100926.84
Ocean,13170
Ocean,174107.25
Ocean,15000.096
Ocean,154898
Air,20670.1
Air,100793.28
Air,91244.2
Air,190498.96
Air,92791.65
Air,142260.8
Air,34796
Air,90700
Air,20369.6946
Ocean,105344.1
Air,128868.42
Air,14080.2
Air,66052
Air,28650.4
Air,160039.6
Air,45180
Air,85811.8
Ocean,8046.5
Air,189013.04
Ocean,10360.72253
Air,85821.86
Air,15455.28
Air,118164.48
Air,36880
Air,9977.2128
Air,101147.8245
Air,15045.436
Air,45874.2
Air,10399.9377
Air,10837.2
Ocean,5076.6
Ocean,108639.72
Air,10389.5
Air,160039.6
Ocean,20151
Air,56912.35
Ocean,93364.5
Air,66334.3
Ocean,70842.6
Ocean,24557.8328
Air,86173.96
Ocean,15671.25
Ocean,36369
Air,45874.2
Ocean,119475.1312
Ocean,43303.75
Ocean,59310.25
Air,96480
Ocean,87998.7434
Ocean,10451.9496
Ocean,50506.75
Air,129792.96
Air,467.85
Air,97724.15436
Ocean,23571.6
Air,199948.0783
Ocean,122729.74
Air,123687.9837
Ocean,20497.5
Ocean,90300
Air,90175.84811
Air,76700.83762
Ocean,123587.4
Air,122414.2104
Air,50560.5
Ocean,50724.97846
Ocean,87994.82
Air,88060.88137
Air,20696.1
Air,66185
Air,66080.98396
Ocean,130855.12
Ocean,130855.12
Ocean,164500
Air,165217.065
Air,31051.85
Ocean,65511.87
Ocean,100561.2
Air,101260.3905
Ocean,58462.8
Air,58106.93678
Air,95475
Ocean,135960
Air,135938.5052
Air,135387.8008
Air,20543.61251
Air,27407.5
Ocean,65463.625
Air,65515.76765
Air,35107.33382
Ocean,174194
Air,173095.1894
Air,47840.0594
Air,27787.5
Air,27868.5908
Ocean,40860
Air,40740.96205
Air,30535.88823
Ocean,50492.05
Ocean,20457.4
Ocean,102662.56
Air,103230.3544
Air,59469.53884
Ocean,21531.45
Air,21518.81996
Ocean,40495
Air,41717.5
Ocean,144480
Air,144979.6139
Air,65919.68765
Air,46820.38826
Ocean,144480
Air,144890.8146
Air,42511.95819
Air,104626.3812
Air,191367.45
Air,191993.6874
Ocean,40276.95
Ocean,103964
Ocean,149403.65
Air,150005.2268
Air,182025.2
Ocean,181830.0066
Ocean,103964
Air,28230.94751
Ocean,10530
Ocean,36713.25
Air,36580.746
Air,86828.32094
Ocean,103964
Ocean,121458
Air,122071.4897
Ocean,31455.55
Ocean,100539
Air,199488.54
Air,16614
Air,35883
Ocean,17077.23
Air,10869.895
Air,10843.2
Air,9468.9
Air,20560.15
Air,10327.9
Air,10812.01
Ocean,18583.25
Air,9552.9
Air,100654.8
Ocean,44339
Ocean,29838.816
Air,52019
Air,5935.98
Air,67221.75
Ocean,50764
Air,23169.3
Ocean,9467.895
Ocean,117695.3553
Air,2183.5
Ocean,190350.6
Air,40597.8
Air,9723
Ocean,35559
Ocean,22689.225
Air,16462.155
Air,20396.25
Air,32225.50385
Air,33040
Air,55796.34
Ocean,30736.25
Ocean,10637.5
Air,12354
Air,2863.95
Air,25466.74
Ocean,45378.45
Air,50830.59977
Air,9610.70985
Air,55355.2
Ocean,9628.332
Air,50053.7485
Air,68848.45
Air,57686.75
Air,56712.7
Air,9393.3
Air,20552.61
Air,56230.4
Air,68460
Air,130081.5
Air,25086.94
Air,104574.6
Ocean,20057.96
Ocean,13614
Ocean,20021.84
Air,28091.96
Air,10023.36
Air,26798.77666
Air,55484.55
Ocean,186089.04
Air,15014.26571
Air,92513.07327
Air,75750.57
Ocean,18829.25
Air,77676.375
Air,186693.56
Air,20812
Ocean,15929
Air,34087.5
Air,8336.25
Air,153106.21
Air,50971.2
Air,114340.86
Air,999.0379
Ocean,40759.5
Air,86204.14
Air,18222
Ocean,141112.2
Air,138009.84
Air,106019.46
Air,9517.175
Ocean,72617.5
Air,20893.4
Air,144189.76
Ocean,21551
Ocean,131775
Ocean,46521.2
Ocean,46384.25
Air,25453.415
Air,70398.74
Ocean,131775
Ocean,113092.4
Air,50689.45
Air,13251
Air,7541.1
Air,20375.55
Air,18797.47603
Ocean,71558.91456
Ocean,9872.5
Ocean,113092.4
Ocean,37057.5
Air,190398.56
Air,7331.49
Air,20801.2
Ocean,5628.384
Ocean,40077.28
Air,92079.18
Air,47375
Air,31013.4
Air,83890.34
Air,20558.72
Ocean,94800
Ocean,10972.2366
Ocean,188800
Ocean,130125.3
Ocean,94800
Ocean,10972.2366
Air,54819.05
Ocean,33397.5
Ocean,19824
Air,19312.15
Air,70320.74654
Air,16735.35
Ocean,11800
Air,20909.3
Air,86513.28
Ocean,12810
Air,73688.96
Air,145213.89
Ocean,94900
Ocean,40747.5
Air,91240
Air,94570
Air,139832.1
Air,91374.98
Ocean,25058.9
Air,10580
Ocean,64690.8
Ocean,100037.7
Ocean,20434.5
Ocean,12026.88
Ocean,5535.258
Ocean,100821.6
Air,8699.15
Ocean,26626.5
Ocean,5573.75
Air,5687.4
Air,11417.03
Air,25724.1
Ocean,10522.5
Air,55795.97
Air,25727.67
Air,91193.9
Air,20592
Air,27815.775
Air,9490
Air,77139
Air,189468.48
Air,85208.2
Air,10529.4
Air,13041
Air,9490.95
Air,40715.71
Air,5440.8
Ocean,22414.5
Ocean,9891
Air,9485.775
Ocean,38657.25
Air,15822
Air,95157.54
Air,143843.15
Air,91385.04
Ocean,94765.2
Air,14189.54
Ocean,91445.4
Ocean,15719.85
Air,14137.35
Air,95480
Ocean,121237.5
Ocean,25033.92
Air,20489.58797
Ocean,39467.1
Air,25720.8
Air,61930.25
Air,20431.95
Ocean,45904.5
Air,85900
Air,82422
Ocean,25019.856
Air,20488.75
Air,20431.95
Ocean,1000.7576
Ocean,53466.5
Air,17484
Ocean,27450
Air,19321.25
Air,40752.8
Air,30512
Air,36207
Air,35112
Ocean,20008.384
Air,95690
Ocean,30508.5
Air,151131.7
Ocean,31683.75
Ocean,10000.33839
Air,92906.88
Air,6663.3
Ocean,82274.4
Air,68280
Air,94875.86
Air,37016
Air,191764
Ocean,8967.65
Ocean,18634.5
Air,50378.91306
Air,10472.508
Air,45919.65
Ocean,93261.9
Air,7912.17
Air,95500
Ocean,100558
Ocean,13387.5
Air,72402.98
Air,6011.94
Ocean,94657.8598
Air,100695
Air,50341.98
Ocean,18398.75
Air,135292
Air,20556
Ocean,40783.6
Air,50742.65
Ocean,54058.5
Ocean,51878.75
Ocean,18300
Air,9554.085
Air,192471.3
Air,5521.72
Air,30142.56
Ocean,16380.5
Ocean,50362.4
Air,183792.24
Ocean,14440.7145
Air,27934.14
Air,9419.55
Air,99462.58
Air,25327.5
Air,32042.75
Ocean,50529.25
Ocean,8009.5461
Ocean,10097
Air,67362.75
Ocean,85542.37191
Ocean,114666.8
Air,10052.64
Air,20585.25
Air,87179.96
Air,20435.22
Air,6461.28
Air,87230.26
Air,30100.3792
Air,18837.995
Air,44685
Air,104789.34
Air,18757.5
Air,94071.06
Air,27970.56
Air,25847.25
Ocean,45323.75
Ocean,9607.5
Air,50060.16
Air,86920
Ocean,137250
Ocean,60000.6402
Ocean,183732
Ocean,10000.4556
Air,20586.585
Air,86319
Air,100269.96
Air,9600.66
Air,86220
Ocean,9171
Air,27751.95
Air,136420
Ocean,41632.5
Air,93454.95
Air,60523.2
Air,5508.6
Air,61030
Air,26217.8
Air,136389.6
Ocean,32525.5
Ocean,112574
Air,13093.5
Ocean,36401.4
Air,92962.5
Air,28944.795
Air,18928
Ocean,112692
Air,52967.75
Air,90238.2
Air,13197
Ocean,135660
Ocean,72395.323
Ocean,20442.925
Ocean,46207.5
Air,10367.9167
Air,25310.15
Air,69251.52
Air,10563.63
Air,91810
Air,185692.6426
Ocean,42350
Air,10147.5
Air,5283.315
Air,33874.1
Ocean,55774.0185
Air,25728
Ocean,30415.91
Air,17692
Air,30300.6
Air,33877.65
Air,13200
Air,11461.25
Air,95374.5
Ocean,14019.75
Air,11133.6
Air,96264.55077
Ocean,93055
Ocean,41359.5
Ocean,100640.295
Air,21728.55
Ocean,92049
Ocean,100543.8225
Air,20586
Air,100854.08
Ocean,32908.5
Air,9785.925
Air,15816.5
Ocean,38792.6
Ocean,10624.8
Air,16087.75
Air,9414
Air,40194.24
Air,51072
Air,101530.8
Air,19019.9
Air,187614.36
Air,9424
Air,181297.4331
Air,34376
Air,10544.4
Ocean,45750
Air,103312.5
Air,11679.02015
Ocean,128537.1
Air,35757.75
Air,91400
Air,25670.71
Ocean,19846.2
Ocean,15435
Air,101878.5
Air,60190
Air,32725
Ocean,50000.4255
Air,5711.55
Air,120002.1
Ocean,13291.25
Air,2678.145
Ocean,171500
Air,15120.6
Air,23694.6
Air,15843.51649
Air,46655
Air,20536.62
Ocean,60865
Ocean,12862.5
Air,10080.4
Air,93467.46
Ocean,15035.43
Ocean,7460.25
Air,75661.6
Ocean,27705
Ocean,86176.475
Air,38916.26
Air,10626
Air,84167.4
Air,51931.35
Ocean,69133.2
Ocean,30437.55
Air,134932.75
Air,23050
Air,89600
Ocean,27567.225
Ocean,16852
Air,10619.71739
Ocean,100785.6
Air,50644.08
Air,6429.75
Air,86365.1
Ocean,10634.4
Air,183400
Ocean,113405
Air,14833.5
Air,10644
Ocean,73568
Air,11333.75
Ocean,39619.5
Air,157802.12
Air,47020.55
Ocean,15009.48
Air,10206.25
Air,9115
Air,25396.25
Ocean,100825
Ocean,100601.05
Air,126278.1
Ocean,6181
Air,101029.752
Air,104016.48
Ocean,15013.8
Air,18160.95
Air,100879.02
Ocean,48279
Ocean,112341.25
Air,17538
Air,25757.25
Air,151655
Air,100925
Ocean,80465
Ocean,36592.5
Air,101281.642
Air,169615.76
Air,3036.6
Air,178410.8
Air,23652.81705
Air,40650.75
Air,4589
Air,170137.84
Air,87069.3
Air,89413.28
Ocean,20459.4
Ocean,103497.9316
Ocean,5513.55
Air,5379
Ocean,36180
Ocean,10002.398
Air,65184.3
Air,32141.7
Ocean,41292.351
Air,20327.244
Ocean,21491.131
Ocean,2003.876
Ocean,125525.1
Air,13312.5
Air,138371.28
Air,12327.924
Ocean,82516.5
Air,20609.52
Air,32049.5
Air,5106.2
Ocean,13584
Ocean,18240.2
Ocean,3088.9884
Air,47373.545
Air,13593
Air,89630
Air,71019.48
Air,53596.95
Air,14163.9
Air,94278.045
Air,93356.8
Ocean,25215.5
Air,71019.48
Ocean,15813
Ocean,199720.1
Air,49757.51385
Air,18863.0058
Air,56601.89776
Air,27374.07652
Ocean,69472.5
Air,69241.90919
Ocean,107815.5
Air,107692.8176
Air,45306.15345
Ocean,41086.5
Air,41293.97691
Air,17041.3742
Air,102094.0017
Ocean,53270.25
Air,30647.5
Ocean,101893
Ocean,182728
Air,184570.0936
Ocean,46140
Air,46177.38635
Ocean,31503.5
Air,31609.11731
Ocean,180720
Air,53585.55977
Ocean,15840
Air,15924.46922
Ocean,21033.12
Ocean,72560.61
Ocean,127946
Air,100712.4
Air,36855
Air,14999.53382
Air,150880
Air,150735.2758
Ocean,159978
Air,160202.9299
Air,129348.9861
Ocean,17000.5632
Ocean,30518.2
Air,94771.5
Air,9648.45
Ocean,55115.5
Air,90056.5
Air,90387.03892
Ocean,57017.75
Ocean,68429.4
Air,68409.3328
Ocean,46005.5
Ocean,18503.1
Ocean,74313.2
Air,74688.78101
Ocean,128763
Air,128696.3144
Air,76770.79564
Air,104254.5708
Ocean,17440
Ocean,72343.5
Ocean,141120
Air,141540.2301
Ocean,69611
Air,104164.4822
Air,23321.85969
Ocean,88550
Air,88696.12889
Air,15053.56
Air,179522.4879
Ocean,86013
Ocean,132693.66
Air,104390.1
Air,104543.2499
Ocean,86013
Ocean,90700
Ocean,111301.74
Air,111142.1127
Ocean,45429.8
Ocean,85150
Air,85203.84651
Ocean,90609.3
Air,90714.31702
Ocean,93100
Air,93641.06441
Air,65736.18551
Ocean,75899.1
Air,76223.93617
Air,28093.08155
Ocean,9131
Ocean,35524
Air,35487.43034
Ocean,35489.35
Air,35542.13127
Air,30538.98962
Ocean,92300.5
Air,37747.58632
Air,26106.48998
Ocean,85208.2
Ocean,133657.5
Air,40716.7
Ocean,18262
Ocean,8506
Ocean,40825
Air,111842.888
Air,51210
Ocean,51222.88076
Ocean,91244.2
Air,90570.67427
Ocean,30299.25
Ocean,77602.92
Air,77747.63805
Air,72324.92792
Ocean,18542.25
Ocean,60499.75
Air,60932.56792
Air,20355.41016
Ocean,106698.8
Ocean,50850
Ocean,53612.9
Air,53285.99614
Ocean,85700
Air,85187.42786
Ocean,60918
Air,60938.23471
Air,41711.79607
Ocean,50477.7
Ocean,160820.1
Air,160203.3086
Air,50913.78995
Ocean,20344.08
Air,98091.92402
Air,42281.46581
Ocean,90992.7
Air,91516.857
Ocean,56764.5
Air,56778.25889
Air,70111.6
Air,26599.40333
Ocean,30051.06
Air,22655
Ocean,18398.75
Ocean,100580.4
Air,15504.72
Ocean,25578.75
Ocean,136240.4406
Ocean,9080
Air,100221.9
Ocean,100011
Ocean,84582
Air,116028.22
Air,27285
Ocean,19283
Ocean,121293.45
Ocean,22835.25
Air,1899.3415
Air,13486.095
Ocean,10498.05
Ocean,90387
Ocean,80577.9
Air,100281.02
Ocean,51939.25
Air,11584.35
Air,3526.78
Air,105727.0239
Ocean,16464.6482
Ocean,51080.75
Ocean,20935.625
Air,186322.32
Air,105727.0239
Air,136413.48
Ocean,15706.25
Air,9336
Air,27724.5
Air,25140.285
Ocean,25077.78
Ocean,89550
Air,10514.24
Air,3053.75
Air,25143.1425
Ocean,90659.25
Ocean,25077.78
Air,22402.4895
Ocean,77682
Air,55494
Air,91546.3
Ocean,50461.425
Ocean,15505.2
Air,45455
Air,45222.75
Air,80168.8
Air,60690.42
Air,5183.01
Air,106260.93
Ocean,18552.5
Ocean,63306.039
Air,139143.5
Air,53633.25
Air,6072.88
Air,18985.05
Air,129259.98
Ocean,35472.918
Air,10414.915
Ocean,131700
Ocean,91501.9372
Air,15375.776
Air,30307.2
Ocean,4721.75
Air,15492.96
Air,44905
Air,25844.95
Air,20215.72
Ocean,24352.5
Ocean,81234
Air,8477
Air,74784.576
Ocean,25004.292
Ocean,11771.5
Air,30626.019
Air,13470.915
Ocean,61432
Air,12373.725
Ocean,190889.7292
Air,26488.8
Air,91234.14
Air,5447
Ocean,87685
Air,105718.5
Ocean,190889.7292
Ocean,34669.25
Air,44611.7
Air,20683.25
Air,32092
Air,30643.434
Air,110716.4
Air,51620
Ocean,15403.7
Ocean,82719
Ocean,136375.6794
Air,25860.9
Air,2253.75
Air,11832.08
Air,51140.5
Ocean,70208
Ocean,181300
Ocean,30537.5
Ocean,9230
Ocean,181300
Ocean,12727.5
Air,9278
Ocean,9518.25
Ocean,12727.5
Ocean,7016.8
Ocean,25261.5
Air,29348.45
Air,104028.44
Air,25860.9
Air,2737.2
Ocean,91043
Air,60514.4
Ocean,88779.5
Ocean,182590.452
Ocean,34728.75
Ocean,50344.05
Air,55146
Ocean,26611.25
Air,5559.12
Air,4612.5
Air,131181.19
Air,20472.66
Ocean,20085.59
Ocean,47977.02
Ocean,15069.705
Ocean,91646.6
Air,26328.3
Ocean,69114.5
Air,100991.275
Air,10544.35
Air,31582.6
Air,32844
Air,91622.04
Ocean,150744.36
Ocean,50447.85
Air,145335
Ocean,42486
Ocean,172386.8
Air,20327.637
Air,33519.8
Air,50904.6
Air,20338.164
Air,12266.1
Air,88105.48
Ocean,20085.59
Air,25734.8
Ocean,92250
Air,15843.15
Air,11823.5
Ocean,20041.735
Air,18286
Ocean,180318.4
Ocean,175198
Air,8600
Air,85990
Air,25459.1
Air,92320.62
Ocean,60885
Air,70709.73
Air,10531.2
Ocean,88276.5
Air,92300.5
Air,10099.1
Air,45275
Ocean,43818.75
Ocean,97217.4
Air,101120.25
Ocean,30645.69
Ocean,90759.15
Air,50613.91
Air,70709.73
Air,20510.8
Air,4025.92
Ocean,20532.1
Air,18392
Air,193876.2
Ocean,20532.1
Ocean,72993.2
Ocean,19865.4
Ocean,4151
Ocean,20532.1
Ocean,50847.5
Ocean,132993.8
Ocean,50318.25
Air,4034.66
Ocean,20532.1
Ocean,91700
Ocean,14095.7
Ocean,50318.25
Ocean,20788.25
Ocean,6844.5
Air,15336.328
Air,50519.5
Air,70734.56
Ocean,5496.425
Ocean,60475.2
Ocean,18624.25
Air,45206.8421
Ocean,4834.5
Air,25094.696
Ocean,104379.3
Ocean,14081.75
Ocean,45935
Ocean,14081.75
Air,28826.43
Air,10512
Ocean,130551.45
Air,90500
Air,30291
Air,8401.305
Air,44404.65
Air,100987.8
Air,9843.72975
Air,23602.8
Air,26754.6
Ocean,12796.5
Air,96113.24
Air,42464.44
Air,105022.6
Ocean,62451.5
Ocean,45879.25
Ocean,28885.5
Ocean,48669.985
Air,20506.98
Air,32760.75
Ocean,21840
Air,95380
Air,70105.776
Air,170940
Ocean,60699.5
Air,51318.95
Air,55044
Ocean,18580.6875
Ocean,90050
Ocean,10084.35
Ocean,20063.96
Air,20023.4979
Air,5494.86
Air,6533.25
Air,55622.484
Air,15973.8
Air,50820
Air,195452.16
Air,31080.25
Ocean,8166.996
Air,95274
Air,25346.4
Ocean,92900
Ocean,24054.05
Air,18718.55
Air,101131.42
Air,35394.9
Air,35845.92
Ocean,120928.5
Ocean,20532.1
Air,10479.15
Air,69920.55
Air,48476.35
Ocean,39397.5
Ocean,8988
Air,35854.65
Ocean,100570.95
Air,94068
Air,10034.4
Air,5537.4
Air,45425
Ocean,18849.75
Ocean,91445.4
Air,30066.57
Air,45460
Air,34996
Air,25554.14
Air,917.4
Air,20763.15
Air,30499.047
Air,172186
Ocean,20713.8
Ocean,129281.7
Ocean,7472.57108
Air,20553.858
Air,45420
Air,100619.94
Ocean,5430.4
Air,1361.55
Ocean,92501.7
Ocean,13876.5
Ocean,86264.5
Ocean,5430.4
Ocean,150230
Ocean,83306.7
Ocean,18562.75
Air,51939.25
Air,25531.61
Air,65047.5
Ocean,50457.3255
Ocean,129281.7
Air,8188.191
Air,15607.7
Ocean,25878.9635
Air,26769.85
Ocean,26153.75
Air,7181.16
Ocean,30121.75
Ocean,9654.75
Air,8188.191
Air,25624.35
Ocean,86315.1018
Air,10522.65
Ocean,87850
Air,69860.15
Air,100698.9375
Air,24466.4
Ocean,30487.8
Air,10620
Air,57705.5
Ocean,32060.245
Air,18534.05
Ocean,5477.8
Air,20990.4
Ocean,17120
Air,26685
Ocean,21361.5
Air,5042.4
Air,25340
Air,17929.3
Air,103972.5
Air,9545.805
Air,10438.55
Air,61076.6
Air,9751.35
Ocean,16206
Ocean,18634.5
Ocean,28956.0915
Air,75992.22
Ocean,85359.1
Air,136035
Ocean,80233.2
Ocean,10000.6809
Air,20196.3
Ocean,100899
Air,92460
Air,56265
Air,36096
Ocean,2195.25
Air,8705
Air,40941
Ocean,91193.9
Ocean,21887.5
Ocean,35040
Air,3180.1
Air,4638
Ocean,9006.9
Air,30475.75
Ocean,109625.4
Air,9988
Ocean,175154.4
Ocean,182125.6
Air,68920.95
Ocean,26688
Ocean,64703.5
Ocean,43930
Air,44167.3
Ocean,180700
Ocean,10183.041
Air,40583.13
Ocean,50882.7
Ocean,80237.4
Air,2393.215
Air,59212.95
Air,50607.2
Air,26211
Air,10583.58
Air,5483.9
Air,26274
Air,44672.3
Air,98736.3
Ocean,60481.75
Air,87980
Ocean,4547.5
Air,140655
Air,50635.1305
Air,45666.4
Air,87344.96
Air,19233.1
Air,18720
Air,51727.3185
Air,51162
Air,79546.8
Ocean,21109.5
Air,43104
Air,70460.52
Air,9747.64
Ocean,44030.0915
Ocean,8145.9
Air,10611.6
Air,20380.5
Ocean,152600
Air,4188.15
Air,30892.38264
Air,20808.70022
Ocean,23753.25
Ocean,92041.4
Ocean,178210
Air,176915.2146
Air,175800.4
Air,176492.3986
Air,91455.01316
Air,71190.74295
Ocean,50844.6
Air,51079.27416
Ocean,100256
Air,106065.3973
Ocean,182527.2
Air,182174.7503
Air,140283.9
Air,33873.56721
Air,21431.37813
Ocean,72983.3
Ocean,131850.3
Air,131110.3357
Ocean,100006.4
Ocean,182627.6
Air,152396.8526
Ocean,131149.9
Air,130694.6604
Ocean,51046.2
Air,51006.34056
Ocean,30753
Ocean,40212
Ocean,50029.84
Air,50339.79203
Air,9793.634024
Ocean,100006.4
Air,100225.3583
Ocean,43610
Air,43994.30578
Air,40997.05862
Ocean,41712
Air,15506.97
Ocean,17999
Ocean,21695
Ocean,200044.8
Air,199676.7975
Air,7990.655947
Ocean,159100.2
Air,43313.89869
Ocean,15298.87
Ocean,135690.6
Air,135567.972
Ocean,68590.6
Air,68971.73575
Air,50575
Ocean,41121.26023
Air,10626.72619
Ocean,11766.3
Ocean,159100.2
Air,158904.796
Air,20154.2
Ocean,130590
Air,131322.1436
Air,46403.905
Air,37919.09075
Air,23686.13658
Ocean,71250.9
Air,131757.25
Ocean,131678.6289
Air,64637.38494
Air,32782.33165
Ocean,55454.3
Air,14079.64382
Air,15651
Air,64040.79255
Air,23733.78131
Ocean,90249
Air,89545.36823
Ocean,100664.4
Air,100970.469
Air,25924.69583
Ocean,12575.25
Air,30743
Ocean,138250.8
Ocean,90249
Air,60821.14482
Ocean,56295.25
Air,56848.32373
Ocean,10008.32
Ocean,30821
Ocean,69500.7882
Ocean,90249
Air,90013.75012
Ocean,30616.85954
Air,15073.0684
Ocean,86600
Air,86741.32316
Air,45106.52911
Ocean,125696.4
Ocean,150293.6
Air,30498.61032
Ocean,34464
Ocean,56295.25
Air,56738.16036
Ocean,20610
Ocean,119460
Air,119823.2102
Air,27288.03053
Air,26021.64056
Air,33103.75
Ocean,33200.42035
Air,9052.719398
Ocean,100484.24
Air,100816.886
Air,31264.50007
Ocean,60525.2
Air,60094.09944
Air,50000.4099
Air,13461.95
Air,45089.74863
Air,17962.76
Ocean,128687.7
Air,129080.3904
Ocean,47961.76
Air,48067.29255
Air,13437.62094
Air,10392.45
Air,36142.87906
Ocean,105060
Ocean,24248
Ocean,27348
Air,35865.35241
Air,31052.11613
Ocean,15480.4
Ocean,17330
Ocean,100012.5
Air,100067.1127
Air,92503.08514
Air,75818.75
Air,75586.18182
Air,113457.0939
Ocean,43300
Air,43178.7476
Ocean,54150
Air,54258.89185
Air,36220.19124
Air,23011.67589
Air,127649.7071
Air,65941.32596
Ocean,30317.5
Ocean,36822.1
Air,36650.08419
Air,42344.25
Ocean,130333
Air,130341.2387
Air,27862.98689
Ocean,30476.1
Air,30480.19088
Ocean,45071.25
Ocean,80519.535
Ocean,85650
Air,129836.8167
Air,63694.31823
Ocean,36146.25
Ocean,173892.8
Air,174122.6059
Air,50798.52988
Air,30695.75033
Air,21993.76817
Ocean,97106.8
Air,96825.30597
Air,19147
Air,100372.2113
Ocean,21840
Ocean,61951.25
Air,61779.03789
Air,30743
Ocean,91250
Air,91727.2682
Air,56661.94285
Air,134700
Air,134017.9761
Air,69895.54266
Ocean,80168.4
Air,80438.81189
Ocean,92515.5
Air,92235.05113
Air,17898.80441
Ocean,40827
Air,40811.78297
Ocean,150075
Air,150033.7854
Air,87722.02198
Air,28468.0313
Ocean,108300
Air,108967.4189
Air,7161.357097
Air,5418.629977
Ocean,10074.87
Air,10097.85312
Ocean,91250
Air,91739.20498
Air,27133.63639
Ocean,94010.7
Air,93773.50256
Air,50944.00891
Ocean,64514.75
Air,80196.23044
Air,10155.83034
Ocean,51837
Air,71600
Air,71587.61986
Ocean,63105.81808
Air,27292.19313
Air,25615.06287
Ocean,80682.3
Air,80734.97796
Air,40114.81664
Air,23776.06118
Ocean,50903
Air,51104.99865
Ocean,40463.85
Air,40322.84705
Ocean,43705
Air,43856.56205
Air,42985.87917
Ocean,44017.86
Ocean,68893.75
Air,69189.45636
Ocean,94129.54
Air,93499.24282
Ocean,150719.73
Air,151562.3825
Ocean,87069.3
Air,87509.29423
Air,87029.11481
Ocean,182326.4
Air,182726.9155
Ocean,75320.7
Air,149027.0183
Ocean,86203.8
Air,86010.25988
Ocean,45465
Air,45617.43302
Air,93960.4
Ocean,93898.60282
Ocean,70003.675
Air,70491.58464
Ocean,84214.04
Air,84516.51214
Air,30544.41322
Ocean,93960.4
Air,94399.2876
Ocean,34576.5
Air,34723.7908
Air,15591.93
Ocean,15658.98484
Ocean,65030
Air,64508.18225
Air,45880.36441
Air,10110.64805
Air,5392.418467
Air,28471.75
Ocean,28617.40966
Air,20590.01302
Air,10085.07961
Ocean,25833
Ocean,32744.8
Air,32814.18249
Ocean,14446
Air,14514.19981
Air,10512.27827
Ocean,16682
Ocean,42550
Air,42651.19571
Ocean,101254.3
Air,100754.3032
Air,55489.6
Air,86126.73316
Air,29043
Air,72660.9
Ocean,72770.35579
Air,38923.97687
Ocean,41940
Air,41918.54734
Ocean,14394.88048
Air,28243
Air,28350.79028
Ocean,73789.3
Air,25847.31212
Ocean,18983
Ocean,74629.1
Air,74838.26202
Ocean,151025
Air,151218.3038
Air,91060.28098
Ocean,101095.04
Ocean,155040
Air,156370.0939
Air,47391.73245
Air,125052
Air,123944.3267
Air,27619.39763
Ocean,57189
Ocean,155040
Air,155283.9545
Ocean,90389.1
Ocean,91935.65
Air,91660.06322
Ocean,53289.75
Air,64547.97702
Air,25682.89898
Ocean,50088.75
Ocean,81104.4
Air,80632.87887
Air,60944.05577
Air,151604.2107
Ocean,94564
Air,94589.99186
Ocean,26169
Air,26017.48844
Air,45711.46278
Ocean,34226.75
Air,34073.47335
Ocean,25207.40294
Air,20669.01609
Ocean,85650
Air,85391.23976
Ocean,138356.22
Air,137090.5293
Ocean,54661.75
Air,54501.60037
Ocean,43400
Ocean,50987.85
Air,50784.60625
Ocean,185840.4
Air,186047.7311
Ocean,50556.45
Air,50812.57973
Ocean,87320.8
Air,86593.77825
Ocean,100114.35
Air,100120.1214
Ocean,19155.2
Ocean,92753.2
Air,35055.63875
Air,20596.00206
Ocean,47212.45
Ocean,73368
Ocean,78174
Air,52122.20354
Air,20718.45
Air,30465.59661
Ocean,20548.03404
Air,37848.41823
Air,129300
Air,129754.8451
Ocean,28090.5
Air,91392.66966
Air,51363.75659
Air,35596.8
Air,35612.76289
Air,40827.15
Air,40868.90777
Air,92781.56003
Air,13609
Ocean,67768
Air,67734.7905
Air,84600
Air,85296.80907
Ocean,135344.3
Air,135006.9893
Ocean,46805
Air,74160
Air,7812
Ocean,27498
Air,27413.30726
Air,10521.45
Ocean,101453.38
Air,100809.918
Air,146070.7008
Ocean,105000.38
Air,45344.10981
Ocean,27498
Ocean,28209
Air,28459.02753
Ocean,77769
Ocean,92652.6
Air,93443.60286
Ocean,92803.5
Air,92704.95722
Ocean,20028.34
Air,20045.02869
Ocean,64470
Air,64663.62346
Air,45777.56689
Air,44810.71349
Ocean,50117.8
Ocean,71009.1
Air,70958.90223
Air,20802.375
Air,20816.75253
Ocean,100688
Air,16189.875
Ocean,40650.75
Air,40829.45043
Ocean,173020
Air,32612.24984
Ocean,50542.5
Air,50084.06413
Air,32789.4917
Ocean,90137.6
Ocean,32709.7
Air,20512.68858
Ocean,126353.4
Air,125306.8707
Ocean,22164.6
Air,22171.56487
Air,18372.78736
Ocean,40768
Air,40873.42355
Ocean,92552
Air,140681.25
Air,140533.0949
Ocean,134937.6
Ocean,131815.65
Air,131391.3437
Air,100264.5538
Air,30325.99884
Air,46838.75
Air,46580.97789
Ocean,134636.4
Air,135266.9128
Ocean,45096.5
Ocean,127125
Air,126584.3969
Air,70305.68555
Air,17970.82428
Ocean,70623
Ocean,128160.6
Air,128813.8756
Air,80742.58582
Ocean,134485.8
Air,135504.4145
Ocean,85610.6
Air,85683.21122
Ocean,122045.7
Air,121484.12
Air,25918.60215
Air,25449.2
Air,25569.18681
Air,86900
Air,86587.77601
Ocean,133425
Air,133061.9629
Ocean,51425
Ocean,100511.61
Ocean,173792.4
Air,174559.8871
Ocean,90538.8
Air,90703.64582
Ocean,12816
Air,12775.17707
Ocean,15743.5
Ocean,135916.5
Air,135645.0097
Ocean,99400
Ocean,178025.65
Air,177741.5832
Ocean,108841.5
Air,101091.4447
Air,20464.76
Air,131496.3612
Air,135415
Air,109636.6755
Air,29986.84845
Ocean,17774.5
Ocean,113354
Air,113475.3374
Ocean,77010
Air,77233.37088
Air,100560.7413
Air,12578.0567
Ocean,20711.5
Air,123469.2013
Air,10738.44303
Air,15323.64
Ocean,42075
Ocean,43707.75
Air,76065
Ocean,45475.25
Ocean,136293
Air,136532.1972
Air,60408.93837
Air,20636.51105
Ocean,50930.25
Air,50876.76079
Air,20512.90163
Ocean,30008.615
Air,25428.65
Air,25585.15287
Ocean,135388
Air,135326.5053
Ocean,123446.8
Air,122501.9095
Ocean,52103.4
Air,51931.61339
Air,31311
Air,31178.22235
Ocean,78769.12
Air,79097.83726
Ocean,35120
Ocean,101774.12
Air,102704.4208
Ocean,50471.3
Air,50347.56435
Air,90892.1
Air,90600.18503
Ocean,30965.05
Air,50488.1
Air,50505.4165
Air,23442.6
Ocean,120120
Air,120180.9641
Ocean,25505.65
Air,25661.1668
Air,14365.12773
Air,173330.4003
Ocean,51892.5
Ocean,92753.2
Air,92960.52527
Air,79034.92106
Ocean,89550
Air,89813.13615
Air,86369.34466
Air,37216.66668
Air,33708.29828
Air,184736
Air,102747.7983
Air,60362.88905
Ocean,50575
Ocean,28060
Ocean,30887
Ocean,102606
Air,102857.3844
Air,76464.98053
Ocean,100557.6
Air,100411.0647
Air,10001.84
Ocean,116110
Air,116172.896
Ocean,184836.4
Air,185969.2591
Air,30738.87716
Air,26587.24796
Ocean,46530
Air,51104.4
Air,51284.61152
Ocean,150875
Air,150398.2245
Air,43286.31916
Air,22451.8
Ocean,22300.99984
Ocean,178912.8
Air,179527.9787
Ocean,60482.4
Air,60126.41258
Air,23311.74354
Ocean,30415
Ocean,50627.5
Air,51049.013
Air,27543
Air,27517.63552
Ocean,25126.2
Ocean,40904.5
Air,40923.39122
Air,50785.69255
Ocean,108062.5
Air,108460.9933
Air,22836.58242
Air,20392.94126
Ocean,22988.25
Air,10931.625
Ocean,17863.95
Air,17867.05
Air,10696.33159
Ocean,46611.5
Air,46961.78883
Ocean,86750
Ocean,100545.5
Air,32954.57083
Ocean,34143.2
Air,45528.84179
Air,73880
Air,73964.0809
Ocean,8666
Ocean,129010
Air,128851.3833
Ocean,101067
Ocean,118489.8
Air,117954.9116
Ocean,118489.8
Air,118481.5233
Air,76905.5775
Ocean,118489.8
Air,118479.5375
Air,46175
Air,26089.23771
Air,61147.06355
Ocean,40463.85
Air,40316.40146
Ocean,132757.5
Air,132975.5909
Air,88295.65939
Air,60489
Air,73880
Air,73849.1026
Air,14023.08337
Air,12526.66742
Ocean,39343.23
Air,39679.85392
Ocean,65437.5
Ocean,132757.5
Air,95800.38218
Air,30585.63558
Air,139081.03
Ocean,27343.25
Air,27242.10133
Air,6801.222377
Air,17009.63254
Ocean,119795
Air,50652.2
Ocean,92150
Ocean,47515.95
Air,47240.05132
Ocean,92057.85
Air,92622.65909
Air,22309.04227
Ocean,92057.85
Air,92418.9223
Ocean,172085.6
Air,172075.2787
Ocean,184300
Air,37257.29223
Ocean,85711.2
Air,86451.37892
Air,36940.98156
Ocean,176704
Air,177099.7474
Ocean,28502.25
Air,28368.05192
Air,47220.26678
Ocean,90841.8
Air,90614.63048
Ocean,122111.1
Air,121792.1853
Ocean,28502.25
Ocean,101274.4
Air,101773.8536
Ocean,21300
Ocean,84504
Air,85246.62406
Ocean,5011.78
Ocean,9171
Air,15067.62
Air,15514.28379
Ocean,8052.2
Air,30838.5
Air,30978.33607
Ocean,60918
Air,61316.01299
Ocean,91050
Air,91374.10636
Air,37312.86327
Air,25911.04971
Ocean,28502.25
Air,26223.47427
Air,10475.87247
Ocean,108841.5
Air,108727.6071
Air,48879.64198
Ocean,86163.9
Ocean,100520.725
Ocean,185037.2
Air,184902.933
Air,131961.9489
Air,100364.8115
Air,93319.45692
Air,47410.76907
Ocean,15595.95
Ocean,87773.5
Air,88289.61306
Ocean,128988.9
Air,128697.055
Ocean,88095.4
Air,88732.04151
Ocean,140461
Ocean,100861
Ocean,128903.25
Air,129396.9808
Ocean,139455.6
Air,139308.6353
Air,40563.25
Ocean,100861
Air,100723.7592
Air,86001.46422
Air,50856.64901
Air,25355
Air,35880
Ocean,100861
Air,100626.1465
Ocean,74448
Air,131485.447
Ocean,175198
Air,184666.9132
Ocean,100607.4
Air,101321.64
Ocean,26641.75
Ocean,42133
Air,42197.06112
Ocean,66008.292
Air,66289.92074
Ocean,59220
Ocean,92690
Air,94322.10618
Ocean,185380
Air,185086.9799
Air,159709.6236
Air,86311.31421
Air,93246.14
Ocean,50017.76
Air,49582.9764
Ocean,93450
Air,139198.2287
Air,36454.65824
Ocean,175198
Air,174888.0899
Ocean,100599.25
Air,101269.7981
Air,187358.8597
Air,35985.14568
Ocean,100553.1
Ocean,47621.5
Air,47806.98138
Air,80942.55667
Air,80865.80975
Ocean,93205.9
Air,93036.83821
Ocean,93150
Air,93877.33272
Ocean,80548.125
Air,80705.81974
Air,189354.4
Air,189637.0588
Air,36409.5
Ocean,112541.75
Air,112951.7757
Ocean,92742.65
Air,92646.22672
Air,75509
Air,75477.08504
Ocean,103486.86
Air,103177.3721
Ocean,92557.35
Air,92717.75338
Ocean,8746
Ocean,13837.5
Air,13873.66022
Air,10257.5
Air,21312.78989
Air,31083.8
Air,31164.58688
Air,15282.25704
Air,94269
Ocean,27434.75
Ocean,50088.75
Air,50102.90663
Ocean,40695.3
Air,51005.53673
Ocean,94765.2
Air,94443.43329
Air,16517.21091
Ocean,186141.6
Air,185770.9067
Air,85263.69831
Air,43490.15154
Air,131525.9627
Ocean,10104.6
Ocean,11024.87
Ocean,17600
Ocean,43243.15
Ocean,83315.4
Air,79220.29725
Ocean,188952.8
Air,189661.4281
Ocean,90841.8
Air,44719.13491
Ocean,30574.5
Air,30623.25883
Ocean,56930.5
Ocean,23026.5
Ocean,35660
Air,170600
Air,151239.8434
Air,135886.392
Ocean,50547
Ocean,94765.2
Air,36311.14821
Ocean,4719.55
Ocean,10458
Ocean,88573.4
Air,88824.97174
Ocean,94664.6
Ocean,45760
Air,45881.07111
Ocean,30491.4
Ocean,87672.9
Ocean,88573.4
Ocean,23026.5
Air,100311.2318
Ocean,138882.35
Air,138279.3796
Air,43827.20029
Ocean,45399.5
Air,45031.6694
Ocean,138882.35
Air,138845.5332
Air,113726.8798
Ocean,100006.5
Air,99922.99631
Air,45942.82558
Air,15558.69186
Ocean,75559.05
Air,18453.26719
Ocean,87220.2
Air,87330.59419
Ocean,47672
Air,47518.72313
Air,46537.19256
Air,123728
Ocean,125109.2385
Ocean,85650
Air,9125.921028
Air,71322.7269
Ocean,431376
Ocean,351476.5
Ocean,903000
Ocean,287851.095
Ocean,439126.5
Ocean,400987.5
Ocean,400987.5
Ocean,200801.4
Ocean,655435
Ocean,279378
Ocean,373471.2
Ocean,271500
Ocean,683253
Ocean,468184.5
Ocean,468184.5
Ocean,300202.54
Ocean,212192.6146
Ocean,536693
Ocean,625993
Ocean,200928
Ocean,263500.8
Ocean,300631.5
Ocean,272825.6
Ocean,213606.68
Ocean,428378.7773
Ocean,256538.2388
Ocean,235733
Ocean,430632.4948
Ocean,812702
Ocean,453405
Ocean,201416.8
Ocean,812702
Ocean,904346
Ocean,256500
Ocean,504020
Ocean,449250
Ocean,226221.6
Ocean,200746.584
Ocean,276134.4
Ocean,275833.6
Ocean,201023.0802
Ocean,413904.55
Ocean,275008.3
Ocean,413904.55
Ocean,200898.7137
Ocean,201521.6
Ocean,396547.68
Ocean,252816.9
Ocean,210785.547
Ocean,350875
Ocean,451902
Ocean,301000
Ocean,645270.5
Ocean,203356.8
Ocean,277488
Ocean,210720
Ocean,349717.714
Ocean,201609
Ocean,265616.7144
Ocean,206450.6
Ocean,343456.5
Ocean,370724.5
Ocean,277257.55
Ocean,250751.05
Ocean,461170.5
Ocean,359496.5
Ocean,278089.6
Ocean,450998.75
Ocean,359496.5
Ocean,462250
Ocean,278089.6
Ocean,264704
Ocean,219500
Ocean,448250
Ocean,224842.2
Ocean,277187.2
Ocean,324499.5
Ocean,233172.45
Ocean,401004
Ocean,347255
Ocean,924500
Ocean,870501.5
Ocean,861536.5
Ocean,208752.1
Ocean,369131.6179
Ocean,463926
Ocean,359496.5
Ocean,277638.4
Ocean,281144
Ocean,359191.339
Ocean,301224
Ocean,300878.525
Ocean,248865.2
Ocean,212819.9
Ocean,268950
Ocean,200824.05
Ocean,560973.4
Ocean,200767.75
Ocean,451000
Ocean,270720
Ocean,427744.5799
Ocean,354901.5
Ocean,280195.2
Ocean,466681.5
Ocean,204913.5
Ocean,265397.0432
Ocean,265397.0432
Ocean,205708.3883
Ocean,206292.0986
Ocean,463019
Ocean,453655.5
Ocean,205896
Ocean,261853.92
Ocean,467182.5
Ocean,212626.4
Ocean,280496
Ocean,233125
Ocean,205130
Ocean,465178.5
Ocean,298888.5537
Ocean,456250
Ocean,629848.5
Ocean,605045.91
Ocean,674442
Ocean,373932.5
Ocean,758642
Ocean,275075.3812
Ocean,300807
Ocean,758642
Ocean,305092
Ocean,347548.304
Ocean,456250
Ocean,337642
Ocean,274209.8816
Ocean,732114
Ocean,203190.7036
Ocean,457822.6
Ocean,232125
Ocean,304500
Ocean,300834.54
Ocean,377298
Ocean,465930
Ocean,257635.2
Ocean,250755.305
Ocean,257100
Ocean,279912
Ocean,505180
Ocean,236379
Ocean,311685.527
Ocean,205703.8
Ocean,841984.5
Ocean,280163.1
Ocean,326375
Ocean,206494.1
Ocean,543304
Ocean,251069.15
Ocean,294069.9797
Ocean,207510.2
Ocean,217500
Ocean,459500
Ocean,231499
Ocean,253460.2
Ocean,277651.6286
Ocean,629498
Ocean,208874
Ocean,609000
Ocean,609000
Ocean,460419
Ocean,459500
Ocean,459500
Ocean,218601.5212
Ocean,468194.58
Ocean,459500
Ocean,200802.14
Ocean,200802.14
Ocean,500049.9
Ocean,347032.8
Ocean,785259.342
Ocean,460920
Ocean,226125
Ocean,261932.4288
Ocean,203060
Ocean,598920
Ocean,442884
Ocean,438781.228
Ocean,200722.05
Ocean,301840
Ocean,460000
Ocean,460000
Ocean,598303.5
Ocean,200255.25
Ocean,924000
Ocean,490833.8381
Ocean,460920
Ocean,219500.16
Ocean,276736
Ocean,240083.9
Ocean,316251
Ocean,279469.4062
Ocean,316251
Ocean,431110.5
Ocean,250164.0273
Ocean,442884
Ocean,364216.5
Ocean,259020.9856
Ocean,609350
Ocean,201017.7
Ocean,462907.4
Ocean,301323
Ocean,363649.657
Ocean,459930.555
Ocean,426351
Ocean,279744
Ocean,438750
Ocean,722101.5
Ocean,202644.75
Ocean,275700
Ocean,314125
Ocean,217150
Ocean,348381
Ocean,270990
Ocean,350203.3504
Ocean,592410
Ocean,214990.2
Ocean,500909.5
Ocean,466681.5
Ocean,387198
Ocean,466681.5
Ocean,300967.65
Ocean,226868.0247
Ocean,216925.7
Ocean,300915.6091
Ocean,279750
Ocean,400905.92
Ocean,300942.6
Ocean,298525.5
Ocean,200809.8
Ocean,200809.8
Ocean,652680
Ocean,466431
Ocean,467050.236
Ocean,416134.55
Ocean,200729
Ocean,226000
Ocean,415052.51
Ocean,200397.5
Ocean,271753.6
Ocean,469437
Ocean,423348.15
Ocean,469437
Ocean,278887.95
Ocean,209316.6
Ocean,377400.275
Ocean,540737.5
Ocean,400984.7
Ocean,468750
Ocean,437096.9398
Ocean,208435.2
Ocean,204088.5
Ocean,281400
Ocean,272765.44
Ocean,301933.8
Ocean,301615.6052
Ocean,201968.2
Ocean,302938
Ocean,473194.5
Ocean,944500
Ocean,273276.8
Ocean,452904
Ocean,451952.1
Ocean,338400
Ocean,270900
Ocean,302058
Ocean,255830.4
Ocean,470000
Ocean,200778.4
Ocean,302058
Ocean,238307.5
Ocean,282752
Ocean,232892.88
Ocean,952300
Ocean,250737.9
Ocean,258447.36
Ocean,454156.5
Ocean,900990
Ocean,219450
Ocean,376940
Ocean,576547.4556
Ocean,328887
Ocean,283955.2
Ocean,328887
Ocean,350438
Ocean,233779
Ocean,431147.1
Ocean,213950.7872
Ocean,438375
Ocean,350224
Ocean,393317.3831
Ocean,435000
Ocean,462250
Ocean,312930
Ocean,201313.539
Ocean,437750
Ocean,203344.8
Ocean,453405
Ocean,405219
Ocean,251547.93
Ocean,954277.6935
Ocean,209330
Ocean,252000
Ocean,272374.4
Ocean,203402.85
Ocean,724104
Ocean,200659.6
Ocean,601468.5
Ocean,302386.5
Ocean,439527.3
Ocean,469469.8525
Ocean,372930
Ocean,225746.25
Ocean,204680
Ocean,451250.7
Ocean,256040.96
Ocean,278841.6
Ocean,437623.5
Ocean,262748.8
Ocean,447600
Ocean,250854.9477
Ocean,500614.4
Ocean,245756.16
Ocean,275693.5665
Ocean,250716.8
Ocean,251292.5662
Ocean,549915
Ocean,231250
Ocean,350903.5
Ocean,819910
Ocean,227500
Ocean,425972
Ocean,271923.2
Ocean,401131.5
Ocean,232075.6
Ocean,652489.47
Ocean,440243.229
Ocean,803062
Ocean,337070
Ocean,201189.05
Ocean,619265.9
Ocean,304775.415
Ocean,218709
Ocean,442132.5
Ocean,302103
Ocean,315549
Ocean,250817.85
Ocean,250817.85
Ocean,409368
Ocean,427603.5
Ocean,300915.39
Ocean,200775.9741
Ocean,202226.6599
Ocean,215813.7
Ocean,428983.0794
Ocean,443205
Ocean,330040
Ocean,330373
Ocean,815405
Ocean,329522
Ocean,332177.9474
Ocean,334048
Ocean,269366.4
Ocean,301032.25
Ocean,251936.484
Ocean,256191.36
Ocean,576329.7268
Ocean,383073.5437
Ocean,301365
Ocean,501002.7
Ocean,290921.95
Ocean,484321.95
Ocean,290583.6679
Ocean,261846.4
Ocean,910453.4
Ocean,271923.2
Ocean,205590
Ocean,338921.1
Ocean,483821.1
Ocean,525929.5
Ocean,424242.3912
Ocean,264403.2
Ocean,329573.0528
Ocean,287633.5214
Ocean,908409.15
Ocean,362343.3503
Ocean,911708.82
Ocean,917800
Ocean,369120.5
Ocean,453159.0927
Ocean,453655.5
Ocean,272374.4
Ocean,315198
Ocean,272374.4
Ocean,299600
Ocean,200732
Ocean,232491.6
Ocean,257484.8
Ocean,414732
Ocean,205675.2
Ocean,262297.6
Ocean,875500
Ocean,227249.5
Ocean,343256
Ocean,280496
Ocean,226347
Ocean,204930
Ocean,258988.8
Ocean,237980
Ocean,258127.8
Ocean,822162.5
Ocean,400924.5114
Ocean,359200
Ocean,306210.75
Ocean,275532.8
Ocean,362600
Ocean,417850.5
Ocean,449898
Ocean,300858.75
Ocean,300997.6
Ocean,200824.05
Ocean,451401
Ocean,251356.56
Ocean,299555
Ocean,466932
Ocean,466932
Ocean,500966
Ocean,271772.8
Ocean,226974
Ocean,543905
Ocean,362905
Ocean,271923.2
Ocean,250754.4
Ocean,203965
Ocean,200690
Ocean,330928.1766
Ocean,465089.31
Ocean,223375.2
Ocean,200710.8
Ocean,230250
Ocean,461500
Ocean,231459.295
Ocean,300160
Ocean,201874.9094
Ocean,263651.2
Ocean,460920
Ocean,450984
Ocean,277788.8
Ocean,254124
Ocean,462673.5
Ocean,462673.5
Ocean,905953.5
Ocean,301317.25
Ocean,445500
Ocean,252662.976
Ocean,467250
Ocean,272262.4904
Ocean,300211.925
Ocean,220794.4
Ocean,284537.5
Ocean,271050
Ocean,283133.1168
Ocean,314457
Ocean,567138
Ocean,567138
Ocean,603687
Ocean,326250
Ocean,345765
Ocean,430574.699
Ocean,302904
Ocean,301002.45
Ocean,490840
Ocean,356044.5
Ocean,201077
Ocean,201077
Ocean,263500.8
Ocean,263500.8
Ocean,471942
Ocean,250103.3587
Ocean,281248
Ocean,440880
Ocean,440000
Ocean,281248
Ocean,200707.5
Ocean,283099.85
Ocean,236755.2
Ocean,133164
Ocean,41469.12
Ocean,165496.5
Ocean,78163.2
Ocean,32142.61275
Ocean,27160.11
Ocean,101391.15
Ocean,11355.75
Ocean,134792.1
Ocean,31740.5
Ocean,37213
Ocean,305089.96
Ocean,303463.25
Ocean,110999
Ocean,110999
Ocean,33737.92
Ocean,40977.5
Ocean,29640.25
Ocean,42252.9
Ocean,42033.04
Ocean,135691.2
Ocean,6338.4
Ocean,50667.7275
Ocean,151644.8535
Ocean,34441.22431
Ocean,30940
Ocean,11314.55
Ocean,101281.7
Ocean,30620.25
Ocean,110847.5
Ocean,30620.25
Ocean,110978.8
Ocean,384434.4396
Ocean,30535.0164
Ocean,83986.4
Ocean,84115.26
Ocean,10497.5
Ocean,16906.5
Ocean,20534.4
Ocean,54740.3
Ocean,25439.43
Ocean,16335
Ocean,17373.68
Ocean,30450.2222
Ocean,20536.26
Ocean,44228
Ocean,131748.75
Ocean,89302.5
Ocean,66294
Ocean,101918.7873
Ocean,101615.7582
Ocean,25488.15
Ocean,2866.5
Ocean,182385.3761
Ocean,112554.4
Ocean,113019
Ocean,56252.02
Ocean,75884.77
Ocean,75883.0032
Ocean,20533.5537
Ocean,16342.425
Ocean,101570.3876
Ocean,8345.56
Ocean,80945.28
Ocean,7329.8
Ocean,11180.65
Ocean,86297.25
Ocean,86297.25
Ocean,108979
Ocean,12192.7
Ocean,11098.25
Ocean,15401.1
Ocean,24928.596
Ocean,35433.84
Ocean,42641.698
Ocean,22438.5
Ocean,12679.1
Ocean,20430.543
Ocean,11046.75
Ocean,175306.5
Ocean,20618.45
Ocean,4581.65
Ocean,35520.9
Ocean,15915
Ocean,60719.08
Ocean,37390.5
Ocean,10990.1
Ocean,40851.08
Ocean,21879
Ocean,47979.33
Ocean,101109.1305
Ocean,10779.225
Ocean,477744
Ocean,11077.65
Ocean,98252.7
Ocean,98302
Ocean,32802
Ocean,91120
Ocean,108928.5
Ocean,17935.8
Ocean,20431.334
Ocean,20430.375
Ocean,10466.3
Ocean,98943.5925
Ocean,101071.341
Ocean,35565.95
Ocean,35615.6
Ocean,17877.35
Ocean,19269
Ocean,3318.55
Ocean,35602.36
Ocean,16256.25
Ocean,9350
Ocean,15283.84
Ocean,10321.73
Ocean,214827
Ocean,15885
Ocean,42160
Ocean,21624
Ocean,13356
Ocean,13552.17
Ocean,101497.4
Ocean,53265
Ocean,5315
Ocean,160059.75
Ocean,17333.25
Ocean,101228.5
Ocean,202118.622
Ocean,106111.8
Ocean,10887.1
Ocean,50634.528
Ocean,47053
Ocean,5320.59
Ocean,3468.3
Ocean,26814.78
Ocean,161554.876
Ocean,30736.64
Ocean,30591.6
Ocean,20670
Ocean,101114.3
Ocean,126542.8149
Ocean,50783.2
Ocean,10382.8
Ocean,16756.4
Ocean,50787
Ocean,15728.4
Ocean,56745.6
Ocean,55620
Ocean,27432.24
Ocean,10197
Ocean,202432.9825
Ocean,202688.01
Ocean,101027.91
Ocean,10542.05
Ocean,21532.55
Ocean,31224.15
Ocean,15442.5
Ocean,83183.6
Ocean,83183.6
Ocean,30885
Ocean,151540.142
Ocean,101141.2736
Ocean,20618.58
Ocean,28066.5
Ocean,20867.14
Ocean,51646.68
Ocean,66398.4
Ocean,6978.05
Ocean,35478.4598
Ocean,10312.8795
Ocean,101040.4395
Ocean,11434.5
Ocean,60914.7
Ocean,30589.2
Ocean,101148.2
Ocean,101171
Ocean,26130.06
Ocean,78181
Ocean,78181
Ocean,78181
Ocean,21164
Ocean,404210.52
Ocean,15714
Ocean,35523.445
Ocean,35699.29
Ocean,46125.2
Ocean,25962.5
Ocean,48042.4
Ocean,15361.5
Ocean,30426.4
Ocean,10411.8
Ocean,5697.5
Ocean,5697.5
Ocean,21432.6
Ocean,16822.35
Ocean,10335.3
Ocean,111636.3403
Ocean,11384.69609
Ocean,5858.14459
Ocean,16590
Ocean,33180
Ocean,31370.55
Ocean,303626.5056
Ocean,303325.506
Ocean,16274.2835
Ocean,11429.6
Ocean,27010.8
Ocean,10332.738
Ocean,6380
Ocean,11149.47
Ocean,30456.15
Ocean,108410.7
Ocean,35513.85
Ocean,15345.6
Ocean,28535
Ocean,30525.4
Ocean,5399.8
Ocean,26496
Ocean,33561.6
Ocean,16642.5
Ocean,33285
Ocean,31509.8
Ocean,11982.6
Ocean,10333.208
Ocean,27472.425
Ocean,16747.5
Ocean,101771.4084
Ocean,22480
Ocean,203094
Ocean,10373
Ocean,10485.75
Ocean,34276
Ocean,507825
Ocean,121401
Ocean,27542.72
Ocean,27486.6
Ocean,5941.3
Ocean,5941.3
Ocean,66056.8678
Ocean,15387
Ocean,50696.32523
Ocean,40817.95
Ocean,56661.88
Ocean,30697.92
Ocean,56455
Ocean,20777.28
Ocean,10980.9
Ocean,10366.28453
Ocean,202293.65
Ocean,1679.25
Ocean,202252.57
Ocean,101765.3
Ocean,36486.66
Ocean,15526
Ocean,60672.09154
Ocean,121975.2
Ocean,25528.3776
Ocean,202677.3
Ocean,35552
Ocean,25597.343
Ocean,50757.2
Ocean,51484.741
Ocean,27048
Ocean,92075.9
Ocean,41262.4
Ocean,17068.68
Ocean,30551
Ocean,20590.2
Ocean,101126.4
Ocean,68904.16
Ocean,30591.88
Ocean,30508.65
Ocean,164550
Ocean,32565
Ocean,38752.35
Ocean,33006.97328
Ocean,82356.7
Ocean,20643.5
Ocean,55861.52
Ocean,45010.08
Ocean,44981.1
Ocean,18228
Ocean,33090
Ocean,31526.95
Ocean,26314.4
Ocean,10320
Ocean,10348
Ocean,15422.5
Ocean,30692.35
Ocean,37641.15
Ocean,31737.6
Ocean,31737.6
Ocean,31877.44
Ocean,24854.7
Ocean,42220
Ocean,42168.1
Ocean,15392.5632
